ID,cohort,HLA-A(L),HLA-A(R),HLA-B(L),HLA-B(R),HLA-C(L),HLA-C(R),HLA-DPA1(L),HLA-DPA1(R),HLA-DPB1(L),HLA-DPB1(R),HLA-DQA1(L),HLA-DQA1(R),HLA-DQB1(L),HLA-DQB1(R),HLA-DRB1(L),HLA-DRB1(R),HLA-DRB3/4/5(L),HLA-DRB3/4/5(R)
01-0524,ACS,A*01:01,A*03:01,B*13:03,B*58:01,C*06:02,C*06:02,DPA1*02:02,DPA1*02:02,DPB1*01:01,DPB1*05:01,DQA1*02:01,DQA1*03:03,DQB1*02:02,DQB1*03:02,DRB1*04:01,DRB1*07:01,DRB4*01:01,DRB4*01:01
01-0673,ACS,A*01:01,A*29:01,B*07:02,B*08:01,C*07:01,C*07:02,DPA1*01:03,DPA1*02:01,DPB1*17:01,DPB1*01:01,DQA1*02:01,DQA1*05:01,DQB1*03:02,DQB1*03:02,DRB1*01:01,DRB1*07:01,DRB3*02:02,DRB4*01:03
01-0757,ACS,A*24:02,A*68:27,B*08:01,B*58:02,C*06:02,C*07:01,DPA1*01:03,DPA1*01:03,DPB1*04:01,DPB1*15:01,DQA1*01:02,DQA1*05:01,DQB1*02:01,DQB1*06:02,DRB1*03:01,DRB1*15:01,DRB3*01:01,DRB3*01:01
01-0782,ACS,A*24:07,A*68:01,B*35:03,B*44:03,C*04:01,C*07:06,DPA1*02:01,DPA1*02:02,DPB1*05:01,DPB1*09:01,DQA1*01:03,DQA1*02:01,DQB1*02:02,DQB1*06:01,DRB1*07:01,DRB1*08:03,DRB4*01:03,n/a
01-0935,ACS,A*23:01,A*23:01,B*15:03,B*15:16,C*02:02,C*14:02,DPA1*02:01,DPA1*03:01,DPB1*13:01,DPB1*105:01,DQA1*05:01,DQA1*05:11,DQB1*02:02,DQB1*03:01,DRB1*03:02,DRB1*11:01,DRB3*01:01,DRB3*02:02
01-0978,ACS,A*02:01,A*66:02,B*42:01,B*45:01,C*16:01,C*17:01,NA,NA,NA,NA,DQA1*01:03,DQA1*04:01,DQB1*04:02,DQB1*06:03,DRB1*03:02,DRB1*13:01,NA,NA
01-0993,ACS,A*30:02,A*74:01,B*07:02,B*15:03,C*02:10,C*07:02,DPA1*01:03,DPA1*03:01,DPB1*02:01,DPB1*105:01,DQA1*01:02,DQA1*03:03,DQB1*02:02,DQB1*06:02,DRB1*09:01,DRB1*15:03,DRB4*01:01,DRB5*01:01
02-0185,ACS,A*30:01,A*33:03,B*15:03,B*42:01,C*02:02,C*17:01,NA,NA,NA,NA,DQA1*01:01,DQA1*04:01,DQB1*04:02,DQB1*05:01,DRB1*03:02,DRB1*12:01,NA,NA
03-0442,ACS,NA,NA,NA,NA,NA,NA,NA,NA,NA,NA,NA,NA,NA,NA,NA,NA,NA,NA
03-0448,ACS,A*30:02,A*74:01,B*08:01,B*15:03,C*02:02,C*07:01,NA,NA,NA,NA,DQA1*01:02,DQA1*05:01,DQB1*03:01,DQB1*06:09,DRB1*11:01,DRB1*13:02,NA,NA
03-0545,ACS,A*30:01,A*74:01,B*15:03,B*42:01,C*02:10,C*17:01,DPA1*01:03,DPA1*01:03,DPB1*02:01,DPB1*105:01,DQA1*01:02,DQA1*05:05,DQB1*06:09,DQB1*06:09,DRB1*11:01,DRB1*13:02,DRB3*02:02,DRB3*03:01
03-0697,ACS,A*02:01,A*68:01,B*15:10,B*58:01,C*03:04,C*06:02,DPA1*01:03,DPA1*02:01,DPB1*13:01,DPB1*131:01,DQA1*02:01,DQA1*05:05,DQB1*02:02,DQB1*02:02,DRB1*07:01,DRB1*11:02,DRB3*03:01,DRB4*01:03
04-0030,ACS,NA,NA,NA,NA,NA,NA,NA,NA,NA,NA,NA,NA,NA,NA,NA,NA,NA,NA
04-0152,ACS,A*30:04,A*30:04,B*39:10,B*58:02,C*06:02,C*15:05,DPA1*01:03,DPA1*01:03,DPB1*02:01,DPB1*03:01,DQA1*01:02,DQA1*03:03,DQB1*02:02,DQB1*06:02,DRB1*07:01,DRB1*15:03,DRB4*01:01,DRB4*01:01
04-0238,ACS,A*01:01,A*68:02,B*15:10,B*58:01,C*03,C*06:02,DPA1*01:03,DPA1*02:02,DPB1*04:01,DPB1*105:01,DQA1*03:03,DQA1*05:01,DQB1*02:01,DQB1*03:02,DRB1*03:01,DRB1*04:01,DRB3*02:02,DRB4*01:01
04-0333,ACS,A*31:01,A*68:01,B*14:01,B*58:02,C*06:02,C*08:04,NA,NA,NA,NA,DQA1*01:02,DQA1*01:02,DQB1*05:01,DQB1*06:03,DRB1*12:01,DRB1*13:01,NA,NA
04-0511,ACS,A*03:01,A*31:01,B*39:10,B*51:01,C*15:05,C*16:01,DPA1*01:03,DPA1*02:02,DPB1*34:01,DPB1*105:01,DQA1*01:02,DQA1*03:03,DQB1*03:02,DQB1*06:03,DRB1*04:01,DRB1*15:03,DRB4*01:01,DRB5*01:01
04-0695,ACS,A*29:02,A*43:01,B*15:10,B*44:03,C*04:01,C*07:01,DPA1*01:03,DPA1*02:02,DPB1*02:01,DPB1*04:02,DQA1*01:02,DQA1*03:03,DQB1*03:02,DQB1*06:02,DRB1*04:01,DRB1*11:01,DRB3*02:02,DRB4*01:01
04-0699,ACS,A*02:05,A*11:01,B*08:01,B*47:01,C*06:02,C*07:02,DPA1*01:03,DPA1*01:03,DPB1*02:01,DPB1*03:01,DQA1*01:01,DQA1*05:01,DQB1*06:01,DQB1*06:01,DRB1*03:01,DRB1*15:01,DRB3*02:02,DRB5*01:01
04-0718,ACS,A*23:01,A*34:02,B*15:03,B*15:03,C*02:10,C*04:01,DPA1*01:03,DPA1*02:01,DPB1*04:01,DPB1*34:01,DQA1*01:02,DQA1*01:02,DQB1*06:02,DQB1*06:02,DRB1*11:01,DRB1*15:03,DRB3*02:02,DRB5*01:01
04-0741,ACS,A*29:02,A*68:02,B*15:03,B*42:01,C*02:02,C*17:01,NA,NA,NA,NA,DQA1*01:02,DQA1*05:01,DQB1*03:09,DQB1*06:09,DRB1*11:02,DRB1*13:02,NA,NA
04-0779,ACS,A*01:01,A*74:01,B*15:03,B*15:03,C*02:10,C*02:10,DPA1*02:01,DPA1*02:02,DPB1*01:01,DPB1*01:01,DQA1*01:01,DQA1*05:02,DQB1*03:19,DQB1*05:01,DRB1*11:01,DRB1*12:01,DRB3*01:01,DRB3*02:02
04-0843,ACS,A*02:05,A*02:11,B*44:02,B*58:01,C*06:02,C*15:02,DPA1*01:03,DPA1*03:01,DPB1*04:01,DPB1*04:02,DQA1*01:02,DQA1*01:02,DQB1*05:03,DQB1*06:02,DRB1*14:04,DRB1*15:03,DRB3*02:02,DRB5*01:01
04-0859,ACS,A*30:02,A*30:02,B*15:24,B*45:01,C*03:03,C*16:01,DPA1*01:03,DPA1*01:03,DPB1*03:01,DPB1*04:01,DQA1*01:01,DQA1*05:05,DQB1*05:01,DQB1*05:01,DRB1*01:02,DRB1*12:01,DRB3*02:02,n/a
04-0886,ACS,A*30:02,A*74:01,B*08:01,B*35:01,C*04:01,C*07:01,DPA1*01:03,DPA1*02:02,DPB1*01:01,DPB1*02:01,DQA1*01:05,DQA1*01:02,DQB1*05:01,DQB1*06:02,DRB1*10:01,DRB1*15:03,n/a,DRB5*01:01
04-0910,ACS,A*43:01,A*68:01,B*15:03,B*40:06,C*15:02,C*18:01,DPA1*01:04,DPA1*03:01,DPB1*15:01,DPB1*105:01,DQA1*01:02,DQA1*01:03,DQB1*06:01,DQB1*06:02,DRB1*15:03,DRB1*15:01,DRB5*01:01,DRB5*01:01
04-0979,ACS,A*23:01,A*74:01,B*15:10,B*57:02,C*03:04,C*07:01,DPA1*01:03,DPA1*02:01,DPB1*11:01,DPB1*02:01,DQA1*01:02,DQA1*01:02,DQB1*06:02,DQB1*06:02,DRB1*15:01,DRB1*15:03,DRB3*02:02,DRB5*01:01
04-1003,ACS,A*01:01,A*43:01,B*15:10,B*58:01,C*04:01,C*06:02,DPA1*02:02,DPA1*03:01,DPB1*105:01,DPB1*105:01,DQA1*03:03,DQA1*05:05,DQB1*03:01,DQB1*03:02,DRB1*04:01,DRB1*11:01,DRB3*02:02,DRB4*01:01
04-1020,ACS,A*02:01,A*33:03,B*15:03,B*40:01,C*02:10,C*03:04,DPA1*01:03,DPA1*02:02,DPB1*01:01,DPB1*131:01,DQA1*02:01,DQA1*05:01,DQB1*05:01,DQB1*05:08,DRB1*04:04,DRB1*10:01,DRB3*02:02,DRB4*01:03
04-1056,ACS,A*43:01,A*68:01,B*52:01,B*58:01,C*06:02,C*12:02,DPA1*01:03,DPA1*02:01,DPB1*105:01,DPB1*131:01,DQA1*03:01,DQA1*05:01,DQB1*03:02,DQB1*06:02,DRB1*04:07,DRB1*15:03,DRB4*01:03,DRB5*01:01
04-1104,ACS,A*26:01,A*30:02,B*13:02,B*41:01,C*16:01,C*17:01,NA,NA,NA,NA,DQA1*05:01,DQA1*05:01,DQB1*03:01,DQB1*03:01,DRB1*11:02,DRB1*11:02,NA,NA
04-1119,ACS,A*32:01,A*33:03,B*07:02,B*44:03,C*02:10,C*07:01,DPA1*01:03,DPA1*02:02,DPB1*01:01,DPB1*04:01,DQA1*02:01,DQA1*03:03,DQB1*02:02,DQB1*03:02,DRB1*04:01,DRB1*07:01,DRB4*01:01,DRB4*01:03
04-1241,ACS,A*23:01,A*29:03,B*15:31,B*58:02,C*06:02,C*18:01,NA,NA,NA,NA,DQA1*01:02,DQA1*01:02,DQB1*06:11,DQB1*06:11,DRB1*13:02,DRB1*15:01,NA,NA
06-0127,ACS,A*02:01,A*74:01,B*15:03,B*35:01,C*04:01,C*04:01,DPA1*02:01,DPA1*02:02,DPB1*01:01,DPB1*34:01,DQA1*01:02,DQA1*03:03,DQB1*03:02,DQB1*06:02,DRB1*04:05,DRB1*15:03,DRB4*01:03,DRB5*01:01
06-0129,ACS,A*02:05,A*43:01,B*15:03,B*15:10,C*08:04,C*18:01,DPA1*01:03,DPA1*02:02,DPB1*01:01,DPB1*02:01,DQA1*01:03,DQA1*05:05,DQB1*03:01,DQB1*06:03,DRB1*03:01,DRB1*13:01,DRB3*02:02,DRB3*03:01
07-0060,ACS,A*03:01,A*03:01,B*07:02,B*58:02,C*06:02,C*07:02,DPA1*01:03,DPA1*02:01,DPB1*01:01,DPB1*04:02,DQA1*01:02,DQA1*05:05,DQB1*03:19,DQB1*06:02,DRB1*03:01,DRB1*03:01,DRB3*02:02,DRB5*01:01
07-0080,ACS,A*01:01,A*24:02,B*44:03,B*51:01,C*03:08,C*07:01,NA,NA,NA,NA,DQA1*01:03,DQA1*02:01,DQB1*02:01,DQB1*05:03,DRB1*04:05,DRB1*07:01,NA,NA
07-0119,ACS,A*11:01,A*30:01,B*35:01,B*58:01,C*04:01,C*06:02,NA,NA,NA,NA,DQA1*01:01,DQA1*03:02,DQB1*03:02,DQB1*05:01,DRB1*01:01,DRB1*04:01,NA,NA
07-0135,ACS,A*24:02,A*29:01,B*18:01,B*40:06,C*07:04,C*15:02,DPA1*01:03,DPA1*01:03,DPB1*02:01,DPB1*04:01,DQA1*01:02,DQA1*01:04,DQB1*05:03,DQB1*06:09,DRB1*13:02,DRB1*14:04,DRB3*01:01,DRB3*03:01
07-0150,ACS,A*02:01,A*29:02,B*13:02,B*44:02,C*05:01,C*06:02,NA,NA,NA,NA,DQA1*01:02,DQA1*05:01,DQB1*03:01,DQB1*05:01,DRB1*01:01,DRB1*12:01,NA,NA
07-0177,ACS,A*01:01,A*30:04,B*08:01,B*39:01,C*07:01,C*02:10,DPA1*01:03,DPA1*02:01,DPB1*01:01,DPB1*17:01,DQA1*02:01,DQA1*05:01,DQB1*02:01,DQB1*06:02,DRB1*03:01,DRB1*14:04,DRB3*01:01,DRB3*02:02
07-0202,ACS,A*02:05,A*02:05,B*15:17,B*15:17,C*03:04,C*07:01,NA,NA,NA,NA,DQA1*01:02,DQA1*01:02,DQB1*06:08,DQB1*06:08,DRB1*13:02,DRB1*15:03,NA,NA
07-0208,ACS,A*23:01,A*30:04,B*15:03,B*49:01,C*04:01,C*17:01,DPA1*02:01,DPA1*02:01,DPB1*11:01,DPB1*34:01,DQA1*01:02,DQA1*01:03,DQB1*06:02,DQB1*06:02,DRB1*13:01,DRB1*15:03,DRB3*02:02,DRB5*01:01
07-0218,ACS,A*11:01,A*31:01,B*44:02,B*56:01,C*01:02,C*01:02,DPA1*01:03,DPA1*01:03,DPB1*03:01,DPB1*20:01,DQA1*01:01,DQA1*01:03,DQB1*05:01,DQB1*06:03,DRB1*01:01,DRB1*13:01,DRB3*01:01,n/a
07-0236,ACS,A*01:01,A*43:01,B*08:01,B*44:03,C*07:01,C*02:10,DPA1*01:03,DPA1*02:01,DPB1*01:01,DPB1*17:01,DQA1*02:01,DQA1*05:01,DQB1*06:02,DQB1*06:02,DRB1*04:01,DRB1*15:01,DRB4*01:01,DRB5*01:01
07-0257,ACS,A*02:06,A*30:04,B*39:03,B*08:01,C*07:02,C*07:02,DPA1*01:03,DPA1*03:01,DPB1*04:01,DPB1*105:01,DQA1*03:03,DQA1*05:01,DQB1*02:02,DQB1*03:03,DRB1*07:01,DRB1*09:01,DRB4*01:01,DRB4*01:03
07-0259,ACS,A*24:02,A*24:02,B*08:03,B*51:01,C*07:02,C*15:02,DPA1*01:03,DPA1*03:01,DPB1*03:01,DPB1*105:01,DQA1*01:02,DQA1*05:05,DQB1*06:02,DQB1*06:02,DRB1*11:01,DRB1*15:03,DRB3*02:02,DRB5*01:01
07-0262,ACS,A*24:02,A*32:01,B*15:01,B*58:02,C*03:03,C*06:02,NA,NA,NA,NA,DQA1*01:03,DQA1*03:02,DQB1*03:02,DQB1*06:11,DRB1*04:01,DRB1*13:01,NA,NA
07-0290,ACS,A*24:02,A*30:02,B*52:01,B*45:01,C*12:02,C*16:01,DPA1*01:03,DPA1*02:01,DPB1*26:01,DPB1*131:01,DQA1*02:01,DQA1*05:01,DQB1*05:01,DQB1*05:01,DRB1*01:02,DRB1*04:03,DRB3*02:02,DRB4*01:03
07-0293,ACS,A*30:02,A*33:01,B*13:02,B*14:01,C*04:03,C*08:02,DPA1*01:03,DPA1*01:03,DPB1*02:01,DPB1*18:01,DQA1*01:02,DQA1*01:03,DQB1*06:01,DQB1*06:02,DRB1*15:01,DRB1*15:03,DRB5*01:01,DRB5*01:01
07-0361,ACS,A*02:01,A*24:02,B*08:01,B*15:03,C*02:10,C*07:02,DPA1*02:02,DPA1*03:01,DPB1*01:01,DPB1*49:01,DQA1*01:02,DQA1*05:05,DQB1*03:19,DQB1*06:02,DRB1*11:01,DRB1*15:03,DRB3*02:02,DRB5*01:01
07-0386,ACS,A*23:01,A*43:01,B*15:01,B*15:10,C*04:01,C*16:01,DPA1*02:01,DPA1*02:02,DPB1*01:01,DPB1*13:01,DQA1*01:02,DQA1*05:05,DQB1*03:01,DQB1*06:02,DRB1*11:01,DRB1*15:01,DRB3*02:02,DRB3*02:02
07-0390,ACS,A*02:01,A*24:02,B*45:01,B*52:01,C*07:02,C*16:01,DPA1*01:03,DPA1*04:01,DPB1*18:01,DPB1*28:01,DQA1*01:03,DQA1*06:01,DQB1*03:01,DQB1*06:03,DRB1*12:02,DRB1*13:01,DRB3*03:01,DRB3*02:02
07-0414,ACS,A*03:01,A*66:01,B*07:02,B*58:01,C*06:02,C*07:02,DPA1*01:03,DPA1*02:01,DPB1*17:01,DPB1*01:01,DQA1*02:01,DQA1*05:01,DQB1*06:02,DQB1*06:02,DRB1*04:04,DRB1*13:01,DRB3*02:02,DRB4*01:03
07-0425,ACS,A*02:05,A*11:01,B*15:02,B*15:10,C*03:04,C*08:01,DPA1*01:03,DPA1*02:02,DPB1*01:01,DPB1*17:01,DQA1*02:01,DQA1*05:01,DQB1*03:01,DQB1*03:02,DRB1*04:01,DRB1*12:02,DRB3*03:01,DRB4*01:01
07-0440,ACS,A*30:02,A*66:01,B*15:03,B*14:06,C*02:10,C*08:02,DPA1*01:03,DPA1*02:01,DPB1*13:01,DPB1*17:01,DQA1*02:01,DQA1*05:01,DQB1*02:01,DQB1*05:03,DRB1*03:01,DRB1*07:01,DRB3*02:02,DRB4*01:03
07-0561,ACS,A*23:05,A*30:01,B*07:02,B*42:02,C*07:02,C*17:01,NA,NA,NA,NA,DQA1*01:02,DQA1*01:02,DQB1*05:01,DQB1*06:02,DRB1*12:01,DRB1*15:03,NA,NA
07-0630,ACS,A*23:10,A*29:01,B*15:02,B*58:01,C*04:01,C*06:02,DPA1*02:01,DPA1*03:01,DPB1*11:01,DPB1*17:01,DQA1*02:01,DQA1*05:01,DQB1*06:02,DQB1*06:09,DRB1*13:06,DRB1*15:01,DRB3*01:01,n/a
07-0663,ACS,A*23:01,A*68:02,B*27:05,B*44:03,C*02:10,C*07:01,DPA1*01:03,DPA1*02:01,DPB1*11:01,DPB1*18:01,DQA1*01:02,DQA1*01:02,DQB1*06:02,DQB1*06:09,DRB1*13:02,DRB1*15:03,DRB3*03:01,DRB5*01:01
07-0692,ACS,A*03:01,A*30:02,B*15:08,B*15:10,C*01:02,C*03,DPA1*01:03,DPA1*02:02,DPB1*01:01,DPB1*02:01,DQA1*01:03,DQA1*02:01,DQB1*02:02,DQB1*06:03,DRB1*07:01,DRB1*13:02,DRB3*01:01,DRB4*01:03
07-1003,ACS,A*29:02,A*68:01,B*15:01,B*42:01,C*04:01,C*17:01,DPA1*02:01,DPA1*03:01,DPB1*09:01,DPB1*105:01,DQA1*01:03,DQA1*04:01,DQB1*04:02,DQB1*06:01,DRB1*03:02,DRB1*15:02,DRB3*01:01,DRB5*01:01
07-1112,ACS,A*02:05,A*29:02,B*14:01,B*15:03,C*02:02,C*08:04,DPA1*01:03,DPA1*02:02,DPB1*01:01,DPB1*18:01,DQA1*01:01,DQA1*01:02,DQB1*05:01,DQB1*06:02,DRB1*01:02,DRB1*15:01,n/a,n/a
07-1115,ACS,A*02:01,A*29:01,B*44:02,B*58:01,C*05:01,C*06:02,DPA1*01:03,DPA1*01:03,DPB1*04:01,DPB1*04:01,DQA1*03:01,DQA1*03:03,DQB1*03:02,DQB1*03:02,DRB1*04:01,DRB1*04:05,DRB4*01:03,DRB4*01:03
07-1132,ACS,A*02:05,A*03:01,B*27:07,B*58:02,C*06:02,C*15:02,DPA1*02:01,DPA1*03:01,DPB1*14:01,DPB1*105:01,DQA1*01:02,DQA1*05:05,DQB1*03:01,DQB1*03:02,DRB1*04:01,DRB1*13:03,DRB3*01:01,DRB4*01:01
07-1135,ACS,A*02:01,A*24:02,B*15:02,B*42:01,C*08:01,C*17:01,DPA1*01:03,DPA1*02:02,DPB1*01:01,DPB1*04:02,DQA1*04:01,DQA1*06:01,DQB1*03:01,DQB1*03:02,DRB1*03:02,DRB1*12:02,DRB3*01:01,DRB3*03:01
07-1147,ACS,A*33:01,A*68:02,B*15:10,B*44:03,C*03:04,C*07:01,DPA1*01:03,DPA1*02:01,DPB1*04:01,DPB1*04:01,DQA1*01:02,DQA1*02:01,DQB1*02:02,DQB1*06:09,DRB1*07:01,DRB1*13:02,DRB3*03:01,DRB4*01:03
07-1153,ACS,A*68:02,A*74:02,B*15:03,B*58:02,C*02:10,C*06:02,DPA1*02:02,DPA1*03:01,DPB1*01:01,DPB1*105:01,DQA1*03:03,DQA1*04:01,DQB1*04:02,DQB1*04:02,DRB1*03:02,DRB1*04:04,DRB3*01:01,DRB4*01:01
09-0248,ACS,A*30:01,A*68:02,B*41:01,B*42:01,C*17:01,C*17:01,NA,NA,NA,NA,DQA1*03:02,DQA1*04:01,DQB1*02:01,DQB1*04:02,DRB1*03:02,DRB1*07:01,NA,NA
09-0278,ACS,A*26:12,A*66:01,B*41:01,B*58:01,C*06:02,C*07:01,DPA1*02:02,DPA1*02:02,DPB1*05:01,DPB1*16:01,DQA1*01:02,DQA1*03:03,DQB1*06:02,DQB1*06:02,DRB1*04:01,DRB1*15:03,DRB4*01:01,DRB5*01:01
09-0296,ACS,A*01:01,A*32:01,B*07:02,B*08:01,C*07:01,C*07:01,NA,NA,NA,NA,DQA1*03:02,DQA1*03:02,DQB1*02:01,DQB1*03:02,DRB1*04:01,DRB1*07:01,NA,NA
09-0314,ACS,NA,NA,NA,NA,NA,NA,NA,NA,NA,NA,NA,NA,NA,NA,NA,NA,NA,NA
09-0345,ACS,A*01:01,A*23:01,B*53:01,B*58:01,C*06:02,C*06:02,NA,NA,NA,NA,DQA1*01:02,DQA1*03:02,DQB1*03:02,DQB1*06:11,DRB1*04:05,DRB1*12:02,NA,NA
09-0406,ACS,A*24:07,A*68:02,B*15:02,B*15:10,C*03:04,C*08:01,DPA1*01:03,DPA1*02:02,DPB1*01:01,DPB1*105:01,DQA1*01:02,DQA1*05:01,DQB1*02:01,DQB1*06:01,DRB1*03:01,DRB1*15:01,DRB3*02:02,DRB5*01:01
09-0428,ACS,A*02:05,A*43:01,B*15:03,B*27:05,C*02:02,C*18,DPA1*01:03,DPA1*02:02,DPB1*04:01,DPB1*105:01,DQA1*01:02,DQA1*05:05,DQB1*03:01,DQB1*06:02,DRB1*12:01,DRB1*15:03,DRB3*01:01,DRB5*01:01
09-0453,ACS,A*30:01,A*66:01,B*07:05,B*58:02,C*06:02,C*07:02,DPA1*01:03,DPA1*02:01,DPB1*02:01,DPB1*106:01,DQA1*01:03,DQA1*01:03,DQB1*06:04,DQB1*06:02,DRB1*13:01,DRB1*13:01,DRB3*02:02,DRB3*02:02
09-0462,ACS,A*23:01,A*26:01,B*27:05,B*51:01,C*02:10,C*07:01,DPA1*02:01,DPA1*03:01,DPB1*01:01,DPB1*105:01,DQA1*03:01,DQA1*05:01,DQB1*02:02,DQB1*03:02,DRB1*04:01,DRB1*07:01,DRB3*02:02,DRB4*01:01
09-0467,ACS,A*02:05,A*68:27,B*07:06,B*58:01,C*07:01,C*07:02,DPA1*02:01,DPA1*04:01,DPB1*13:01,DPB1*105:01,DQA1*01:02,DQA1*05:05,DQB1*03:19,DQB1*06:02,DRB1*11:02,DRB1*12:02,DRB3*01:01,DRB3*03:01
09-0489,ACS,A*02:01,A*32:01,B*07:02,B*15:03,C*01:02,C*02:10,DPA1*01:03,DPA1*02:02,DPB1*01:01,DPB1*04:01,DQA1*03:03,DQA1*04:01,DQB1*02:02,DQB1*04:02,DRB1*03:02,DRB1*07:01,DRB3*01:01,DRB4*01:01
09-0507,ACS,A*01:01,A*66:01,B*58:01,B*81:01,C*06:02,C*18:01,DPA1*03:01,DPA1*04:01,DPB1*04:01,DPB1*04:02,DQA1*02:01,DQA1*05:01,DQB1*02:01,DQB1*02:02,DRB1*03:01,DRB1*07:01,DRB3*02:02,DRB4*01:01
09-0529,ACS,A*11:01,A*29:01,B*52:01,B*53:01,C*04:01,C*12:02,NA,NA,NA,NA,DQA1*01:03,DQA1*04:01,DQB1*03:01,DQB1*06:01,DRB1*08:04,DRB1*15:02,NA,NA
09-0532,ACS,A*24:02,A*29:01,B*07:02,B*81:01,C*07:02,C*18:01,DPA1*01:03,DPA1*02:01,DPB1*02:01,DPB1*17:01,DQA1*01:01,DQA1*01:02,DQB1*05:01,DQB1*06:02,DRB1*10:01,DRB1*15:03,DRB5*01:01,DRB5*01:01
09-0569,ACS,A*02:02,A*23:01,B*08:01,B*15:03,C*02:02,C*02:02,NA,NA,NA,NA,DQA1*02:01,DQA1*03:02,DQB1*02:01,DQB1*03:02,DRB1*04:01,DRB1*07:01,NA,NA
09-0581,ACS,A*03:01,A*32:01,B*07:02,B*47:01,C*02:02,C*06:02,NA,NA,NA,NA,DQA1*05:01,DQA1*05:01,DQB1*02:01,DQB1*02:01,DRB1*03:01,DRB1*03:01,NA,NA
09-0587,ACS,A*68:01,A*68:02,B*14:02,B*58:02,C*08:02,C*06:02,DPA1*01:03,DPA1*02:01,DPB1*04:01,DPB1*04:02,DQA1*02:01,DQA1*05:01,DQB1*06:02,DQB1*06:02,DRB1*04:04,DRB1*15:03,DRB4*01:01,DRB5*01:01
09-0624,ACS,A*02:11,A*66:01,B*14:02,B*52:01,C*08:02,C*12:02,DPA1*01:03,DPA1*02:01,DPB1*09:01,DPB1*13:01,DQA1*01:01,DQA1*01:03,DQB1*05:01,DQB1*06:01,DRB1*01:02,DRB1*15:02,DRB5*01:02,n/a
09-0712,ACS,A*01:01,A*68:02,B*14:02,B*58:02,C*06:02,C*08:02,DPA1*01:03,DPA1*03:01,DPB1*34:01,DPB1*105:01,DQA1*01:02,DQA1*05:05,DQB1*06:02,DQB1*06:02,DRB1*11:14,DRB1*15:03,DRB3*02:02,DRB5*01:01
09-0745,ACS,A*03:01,A*43:01,B*44:03,B*58:02,C*06:02,C*08:04,DPA1*01:03,DPA1*01:03,DPB1*04:01,DPB1*80:01,DQA1*01:02,DQA1*01:03,DQB1*06:03,DQB1*06:04,DRB1*13:02,DRB1*15:03,DRB3*02:02,DRB5*01:01
09-0789,ACS,A*02:02,A*23:01,B*15:10,B*42:01,C*03:04,C*17:01,DPA1*02:02,DPA1*02:02,DPB1*18:01,DPB1*105:01,DQA1*01:02,DQA1*04:01,DQB1*06:02,DQB1*06:02,DRB1*03:02,DRB1*15:03,DRB3*01:01,DRB5*01:01
2,GC6-74,A*03:01:01:07,A*68:27:01,B*07:02:01:14,B*41:01:01:01,C*07:18:01:01,C*17:37,-,DPA1*02:02:02:03,DPB1*01:01:01:04,DPB1*18:01:01:01,-,DQA1*03:03:01:01,DQB1*02:02:01:02,DQB1*03:02:01:01,DRB1*04:01:01:01,DRB1*11:01:02,DRB3*02:02:01:05,DRB4*01:01:01:01
8,GC6-74,A*23:17:01:01,A*33:01:01:01,B*44:03:01:01,B*42:01:01,C*02:10:01:06,C*17:01:01:02,DPA1*02:02:02:04,DPA1*03:01:01:05,DPB1*01:01:01:01,DPB1*105:01:01:01,DQA1*04:01:01:04,DQA1*01:02:01:01,DQB1*04:02:01:08,DQB1*06:02:01:01,DRB1*03:02:01,DRB1*15:01:01:03,DRB3*01:62,-
15,GC6-74,A*30:01:01:01,A*02:01:01:01,B*08:01:01:01,B*44:03:01:01,C*17:01:01:02,C*16:01:01:01,DPA1*03:01:01:05,DPA1*01:03:01:04,DPB1*105:01:01:01,DPB1*04:01:01:05,DQA1*04:01:01:04,DQA1*01:01:01:05,DQB1*04:02:01:08,DQB1*05:01:01:03,DRB1*03:02:01,DRB1*01:01:01,DRB3*01:01:02:01,-
19,GC6-74,A*01:01:01:01,A*26:01:01:01,B*08:01:01:01,B*15:220:01:01,C*07:01:01:01,C*17:01:01:02,DPA1*01:03:01:02,DPA1*03:01:02:02,DPB1*04:01:01:06,DPB1*105:01:01:03,DQA1*01:01:02:01,DQA1*05:01:01:02,DQB1*02:01:01:01,DQB1*05:01:01:01,DRB1*01:02:01:01,DRB1*03:01:01:01,DRB3*01:01:02:01,NA
45,GC6-74,A*26:01:01:01,A*29:11,B*07:06:01:01,B*13:02:01:01,C*06:02:01:01,C*07:02:01:01,DPA1*02:01:08:02,DPA1*03:01:01:05,DPB1*01:01:01:01,DPB1*105:01:01:01,DQA1*01:05:01:01,DQA1*03:03:01:01,DQB1*03:02:01:01,DQB1*05:01:01:02,DRB1*04:01:01:01,DRB1*12:01:01:05,DRB3*01:01:02:01,DRB4*01:01:01:01
46,GC6-74,A*11:01:01:01,A*25:01:01:01,B*07:06:01,B*18:01:01:05,C*07:02:01:01,C*12:03:01:01,DPA1*01:03:01:02,DPA1*03:01:01:01,DPB1*04:01:01:05,DPB1*105:01:01:01,DQA1*05:01:01:02,DQA1*04:01:01:03,DQB1*02:01:01,DQB1*04:02:01:04,DRB1*03:01:01:01,DRB1*08:01:01,DRB3*01:01:02:01,-
53,GC6-74,A*68:02:01:01,A*30:02:01:02,B*14:01:01:01,B*45:01:01:01,C*08:02:01:02,C*16:01:01:02,DPA1*01:03:01:02,DPA1*02:01:01:03,DPB1*18:01:01:01,DPB1*17:01:01:01,DQA1*05:05:01:01,DQA1*01:01:02,DQB1*03:19:01,DQB1*05:01:01:01,DRB1*11:01:02,DRB1*01:02:01:01,DRB3*02:02:01:02,-
63,GC6-74,A*24:02:01:01,A*11:01:01:01,B*40:06:01:02,B*15:02:01:01,C*01:02:01:01,C*08:01:01:01,DPA1*01:03:01:04,DPA1*01:03:01:05,DPB1*04:02:01:01,DPB1*04:01:01:01,DQA1*01:02:01:01,DQA1*01:03:01:01,DQB1*04:02:01:01,DQB1*06:01:01:01,DRB1*15:01:01:03,DRB1*15:02:01:01,DRB5*01:01:01:01,DRB5*01:02
72,GC6-74,A*34:02:01:01,A*02:01:01:01,B*44:03:01:10,B*07:02:01:01,C*04:01:01:14,C*07:02:01:03,DPA1*03:01:01:05,DPA1*01:03:01:01,DPB1*105:01:01:01,DPB1*02:01:02:05,DQA1*01:03:01:01,DQA1*01:02:01:01,DQB1*06:03:01:02,DQB1*06:02:01:01,DRB1*13:01:01:01,DRB1*15:01:01:03,DRB3*01:01:02:01,DRB5*01:01:01:01
87,GC6-74,A*66:02,A*74:01:01:01,B*35:01:01:33,B*42:01:01:01,C*04:01:01:14,C*17:01:01:02,DPA1*01:03:01:02,DPA1*02:02:02:04,DPB1*01:01:01:01,DPB1*18:01:01:01,DQA1*01:05:01:01,DQA1*04:01:01:04,DQB1*04:02:01:08,DQB1*05:01:01:02,DRB1*03:02:01,DRB1*12:01:01:03,DRB3*01:01:02:05,DRB3*01:62:01:02
92,GC6-74,A*68:02:01:01,A*30:01:01:01,B*14:02:01:01,B*58:01:01:03,C*08:02:01:01,C*03:04:02,DPA1*01:03:01:02,-,DPB1*04:01:01:06,DPB1*18:01:01:01,DQA1*05:01:01:01,DQA1*01:02:01:01,DQB1*02:01:01,DQB1*06:02:01:01,DRB1*03:01:01:01,DRB1*11:01:02,DRB3*02:02:01:01,-
93,GC6-74,A*02:01:01:16,-,B*53:01:01:01,B*45:01:01:03,C*04:01:01:14,C*16:01:01:02,DPA1*01:03:01:02,DPA1*03:01:01:02,DPB1*18:01:01:01,DPB1*105:01:01:06,DQA1*04:01:02:02,DQA1*01:01:02,DQB1*03:19:01,DQB1*05:01:01:01,DRB1*08:04:01,DRB1*01:02:01:01,-,-
99,GC6-74,A*03:01:01:05,A*33:03:01:01,B*14:01:01:01,B*58:02:01,C*06:02:01:01,C*08:02:01:02,-,DPA1*03:01:01:05,-,DPB1*105:01:01:03,DQA1*03:03:01:01,DQA1*05:05:01:02,DQB1*02:02:01:02,DQB1*03:01:01:16,DRB1*07:01:01:01,DRB1*11:02:01,DRB3*02:02:01:01,DRB4*01:01:01:01
108,GC6-74,A*24:02:01:01,A*29:01:01:01,B*52:01:01:01,B*44:03:01:01,C*12:02:02:01,C*02:10:01:06,DPA1*01:03:01:22,DPA1*01:03:01:02,DPB1*02:01:02:05,DPB1*04:01:01:06,DQA1*03:01:01,DQA1*01:02:01:01,DQB1*03:02:01:01,DQB1*06:09:01:01,DRB1*04:03:01:01,DRB1*13:02:01:01,DRB4*01:03:01:10,DRB3*03:01:01:01
124,GC6-74,A*02:02:01:01,A*31:106,B*47:01:01:03,B*58:01:01:01,C*06:02:01:01,-,DPA1*01:03:01:22,DPA1*02:01:01:02,DPB1*02:01:02:05,DPB1*558:01,DQA1*01:03:01:01,DQA1*05:01:01:01,DQB1*06:03:01:02,DQB1*02:01:01,DRB1*13:01:01:01,DRB1*03:01:01:01,DRB3*01:01:02:01,DRB3*02:02:01:01
134,GC6-74,A*03:01:01:01,A*34:02:01:01,B*07:02:01:01,B*44:03:01:01,C*07:02:01:03,C*04:01:01:01,DPA1*02:01:01:02,DPA1*02:02:02:04,DPB1*14:01:01:01,DPB1*01:01:01:01,DQA1*01:02:01:01,-,DQB1*06:02:01:01,-,DRB1*15:01:01:03,DRB1*15:03:01:01,DRB5*01:01:01:01,-
149,GC6-74,A*24:17,A*43:01,B*15:02:01:01,B*44:03:01:01,C*02:10:01:06,C*08:01:01:01,DPA1*01:03:01:05,DPA1*02:01:01:01,DPB1*04:02:01:02,DPB1*11:01:01:01,DQA1*01:02:01:03,DQA1*06:01:01:02,DQB1*03:01:01:07,DQB1*06:02:01:01,DRB1*12:02:01:06,DRB1*15:01:01:03,DRB3*03:01:03:02,NA
161,GC6-74,A*23:17:01:01,NA,B*07:02:01:01,B*82:02:01:02,C*03:02:02:05,C*07:02:01:01,DPA1*01:03:01:02,DPA1*02:07:01:01,DPB1*01:01:01:04,DPB1*04:01:01:06,DQA1*03:03:01:01,DQA1*05:05:01:02,-,Insufficient data,DRB1*04:04:01,DRB1*11:14:02,DRB3*02:02:01:01,DRB4*01:01:01:01
165,GC6-74,A*26:01:01:01,A*43:01,B*35:01:01:05,B*08:01:01:01,C*04:01:01:01,C*02:10:01:06,DPA1*02:02:02:05,DPA1*01:03:01:04,DPB1*01:01:01:04,DPB1*04:01:01:06,DQA1*05:01:01:02,DQA1*03:03:01:01,DQB1*02:01:01,DQB1*03:02:01:01,DRB1*03:01:01:01,DRB1*04:01:01:03,DRB3*01:01:02:01,DRB4*01:01:01:01
184,GC6-74,A*02:01:01:01,A*68:27:01,B*45:01:01:03,B*58:02:01:01,C*06:02:01:01,C*16:01:01:01,DPA1*01:03:01:03,DPA1*03:01:01:05,DPB1*03:01:01:01,DPB1*105:01:01:01,DQA1*01:03:01:10,DQA1*03:03:01:01,DQB1*04:02:01:04,DQB1*06:03:01:02,DRB1*04:04:01,DRB1*13:01:01:01,DRB3*01:01:02:04,DRB4*01:01:01:01
196,GC6-74,A*74:01:01:01,A*24:02:01:01,B*15:03:01:02,B*15:02:01:01,C*02:10:01:01,C*08:01:01:01,DPA1*01:03:01:01,DPA1*01:03:01:04,DPB1*02:01:02:05,DPB1*04:01:01:05,DQA1*01:02:01:01,DQA1*06:01:01:02,DQB1*06:09:01:01,DQB1*03:01:01:07,DRB1*13:02:01:01,DRB1*12:02:01:03,DRB3*03:01:01:01,DRB3*03:01:03
198,GC6-74,A*43:01,-,B*15:01:01:01,B*08:01:01:01,C*02:10:01:06,C*04:01:01:01,DPA1*02:07:01:01,DPA1*02:02:02:01,DPB1*01:01:01:04,-,DQA1*05:05:01:01,DQA1*03:03:01:01,DQB1*03:01:01:03,DQB1*03:02:01:01,DRB1*03:01:01:01,DRB1*04:01:01:01,DRB3*02:02:01:02,DRB4*01:01:01:01
204,GC6-74,A*68:02:01:01,A*02:05:01:01,B*15:10:01:01,B*15:220:01:01,C*04:01:01:14,-,DPA1*01:03:01:22,DPA1*02:02:02:01,DPB1*02:01:02:01,DPB1*105:01:01:01,DQA1*03:03:01:01,DQA1*01:02:01:01,DQB1*03:02:01:01,DQB1*06:09:01:01,DRB1*04:01:01:01,DRB1*13:02:01:01,DRB4*01:01:01:01,DRB3*03:01:01:01
217,GC6-74,A*24:07:01:01,A*25:01:01:01,B*35:05:01:01,B*58:01:01:01,C*04:01:01:14,C*07:18:01:01,DPA1*01:03:01:01,DPA1*02:02:02:01,DPB1*02:02:01:03,DPB1*02:02:01:04,DQA1*05:01:01:01,DQA1*06:01:01:02,DQB1*02:01:01:01,DQB1*03:01:01:07,DRB1*03:01:01:01,DRB1*12:02:01:05,DRB3*02:02:01:01,DRB3*03:01:03:02
290,GC6-74,A*02:02:01:01,A*26:01:01:02,B*40:06:04:01,B*57:03:01:02,C*15:02:01:01,C*07:01:02,DPA1*01:03:01:03,DPA1*02:07:01:01,DPB1*03:01:01:01,DPB1*04:01:01:06,DQA1*01:03:01:01,DQA1*01:01:02,DQB1*06:03:01:01,DQB1*05:01:01:01,DRB1*13:01:01:01,DRB1*01:02:01:01,DRB3*01:01:02:01,-
299,GC6-74,A*43:01,A*30:04:01,B*35:02:01:02,B*58:02:01,C*04:01:01:06,C*06:02:01:01,DPA1*01:03:01:22,DPA1*02:09,DPB1*02:01:02:05,DPB1*14:01:01:01,DQA1*01:02:01:01,DQA1*01:02:01:01,DQB1*06:09:01:01,DQB1*06:02:01:01,DRB1*13:02:01:01,DRB1*15:03:01:03,DRB3*03:01:01:01,-
315,GC6-74,A*01:01:01:01,A*03:01:01:05,B*44:03:01:01,B*15:10:01:01,C*04:01:01:01,-,DPA1*02:02:02:01,DPA1*01:03:01:01,DPB1*105:01:01:01,DPB1*02:01:02:05,DQA1*02:01:01:01,DQA1*03:03:01:01,DQB1*02:02:01:01,DQB1*03:02:01:01,DRB1*07:01:01:01,DRB1*04:01:01:03,DRB4*01:01:01:01,-
317,GC6-74,A*24:02:01:01,A*01:01:01:01,B*44:02:01:01,B*52:01:01:02,C*05:01:01:02,C*12:02:02:01,DPA1*01:03:01:02,-,DPB1*04:01:01:01,-,DQA1*03:01:01,DQA1*01:03:01:01,DQB1*03:02:01:01,DQB1*06:01:01:01,DRB1*04:01:01:03,DRB1*15:02:01:03,DRB4*01:03:01:10,DRB5*01:02
353,GC6-74,A*02:01:01:01,A*23:01:01:01,B*07:02:01:01,B*51:01:01:10,C*07:02:01:03,C*16:01:01:01,DPA1*02:01:08:02,DPA1*01:03:01:02,DPB1*01:01:01:01,DPB1*04:01:01:05,DQA1*01:02:01:01,DQA1*02:01:01:01,DQB1*06:02:01:01,DQB1*02:02:01:01,DRB1*15:01:01:03,DRB1*07:01:01:01,DRB5*01:01:01:01,DRB4*01:03:01:10
355,GC6-74,A*29:01:01:01,A*24:02:01:01,B*07:06:01,B*40:01:02:01,C*04:01:01:14,C*03:04:01:02,DPA1*01:03:01:01,DPA1*03:01:01:01,DPB1*02:01:02:05,DPB1*105:01:01:01,DQA1*01:02:02:01,DQA1*05:01:01:01,DQB1*05:02:01:01,DQB1*02:01:01,DRB1*16:01:01,DRB1*03:01:01:01,DRB5*02:02:01,DRB3*01:01:02:01
375,GC6-74,A*03:01:01:01,A*30:02:01:03,B*27:05:02:05,B*57:03:01:01,C*01:02:01:01,C*18:02:01,DPA1*02:01:08:02,DPA1*01:03:01:05,DPB1*01:01:01:01,DPB1*04:02:01:02,DQA1*01:02:01:01,DQA1*01:02:01:01,DQB1*06:02:01:01,DQB1*05:01:01:03,DRB1*15:01:01:03,DRB1*13:01:01:01,DRB5*01:01:01:01,DRB3*03:01:01:01
376,GC6-74,A*01:01:01:01,A*43:01,B*08:01:01:01,B*15:10:01:01,C*04:01:01:01,C*07:01:01:01,DPA1*01:03:01:05,DPA1*02:02:02:01,DPB1*04:02:01:02,DPB1*105:01:01:06,DQA1*03:03:01:01,DQA1*05:01:01:02,DQB1*02:01:01,DQB1*03:02:01:01,DRB1*03:01:01:01,DRB1*04:01:01:03,DRB3*01:01:02:01,DRB4*01:01:01:01
380,GC6-74,A*29:02:01:01,A*68:01:01:02,B*58:01:01:03,B*51:01:01:04,C*06:02:01:01,C*15:02:01:01,DPA1*01:03:01:01,DPA1*02:01:01:01,DPB1*02:01:02:05,DPB1*11:01:01:01,DQA1*01:02:01:01,DQA1*01:01:01:05,DQB1*06:02:01:01,DQB1*05:01:01:03,DRB1*15:03:01:01,DRB1*01:01:01,DRB5*01:01:01:01,-
450,GC6-74,A*02:01:01:01,A*26:01:01:01,B*41:01:01:01,B*45:01:01:03,C*16:01:01:01,C*17:01:01:02,DPA1*01:05,DPA1*02:01:01:12,DPB1*01:01:01:01,DPB1*04:01:01:05,-,DQA1*01:03:01:01,-,DQB1*06:03:01:02,-,DRB1*13:01:01:01,DRB3*01:01:02:01,NA
460,GC6-74,A*29:01:01:01,A*29:02:01:01,B*15:220:01:01,B*44:03:01:01,C*04:01:01:14,C*16:01:01:01,DPA1*01:03:01:22,DPA1*02:01:01:01,DPB1*02:01:02:05,DPB1*11:01:01:01,DQA1*01:02:01:01,DQA1*02:01:01:01,DQB1*06:09:01:01,DQB1*02:02:01:01,DRB1*13:02:01:01,DRB1*07:01:01:01,DRB3*03:01:01:01,DRB4*01:01:01:01
463,GC6-74,A*33:03:01:01,A*02:01:01:01,B*44:03:02,B*40:01:02:01,C*07:06:01:01,C*03:04:01:01,DPA1*01:03:01:02,DPA1*01:03:01:04,DPB1*04:01:01:05,DPB1*04:01:01:06,DQA1*02:01:01:01,DQA1*04:01:01:03,DQB1*02:02:01:01,DQB1*04:02:01:04,DRB1*07:01:01:01,DRB1*08:01:01,DRB4*01:03:01:01,-
468,GC6-74,A*24:10:01:01,A*74:01:01:01,B*15:03:01:02,B*18:02:01,C*02:10:01:01,C*07:04:01:01,DPA1*01:03:01:02,DPA1*02:01:01:12,DPB1*04:01:01:06,DPB1*13:01:01:02,DQA1*01:02:01:05,DQA1*05:05:01:02,DQB1*03:19:01:01,DQB1*06:01:01:01,DRB1*11:02:01:01,DRB1*15:02:01:03,DRB3*03:01:01:03,DRB5*01:01:01:02
479,GC6-74,A*68:01:01:02,A*26:01:01:01,B*39:10:01,B*44:03:01:01,C*12:03:01:01,C*02:10:01:06,DPA1*02:02:02:05,DPA1*02:09,DPB1*01:01:01:04,-,DQA1*03:03:01:01,-,DQB1*03:02:01:01,-,DRB1*04:01:01:03,-,DRB4*01:01:01:01,-
481,GC6-74,A*01:01:01:01,A*33:03:01:01,B*08:01:01:01,B*44:03:02,C*07:01:01:01,C*07:06:01:01,DPA1*01:03:01:02,DPA1*02:09,DPB1*04:01:01:05,DPB1*14:01:01:01,DQA1*05:01:01:02,DQA1*01:02:01:01,DQB1*02:01:01,DQB1*06:02:01:01,DRB1*03:01:01:01,DRB1*15:03:01:02,DRB3*01:01:02:01,-
495,GC6-74,A*23:17:01:01,A*02:11:01:01,B*15:03:01:02,B*40:06:01:02,C*02:10:01:01,C*15:02:01:01,DPA1*01:03:01:02,DPA1*02:07:01:01,DPB1*04:01:01:05,DPB1*18:01:01:01,DQA1*01:03:01:01,DQA1*01:04:02,DQB1*06:03:01:02,DQB1*05:03:01:01,DRB1*13:01:01:01,DRB1*14:04:01,DRB3*01:01:02:01,DRB3*02:02:01:01
497,GC6-74,A*01:01:01:01,A*68:01:01:02,B*47:01:01:03,B*58:02:01,C*06:02:01:01,-,DPA1*01:03:01:22,DPA1*03:01:01:05,DPB1*02:01:02:05,DPB1*105:01:01:01,DQA1*05:01:01:01,DQA1*03:03:01:01,DQB1*02:01:01,DQB1*02:02:01:02,DRB1*03:01:01:01,DRB1*07:01:01:01,DRB3*02:02:01:01,DRB4*01:01:01:01
503,GC6-74,A*02:01:01:01,A*01:23,B*40:01:02:01,B*58:02:01,C*03:04:01:01,C*06:02:01:01,DPA1*02:02:02:01,DPA1*01:03:01:03,DPB1*105:01:01:01,DPB1*03:01:01:01,DQA1*01:02:01:01,DQA1*03:03:01:01,DQB1*06:04:01,DQB1*04:02:01:04,DRB1*13:02:01:01,DRB1*04:04:01,DRB3*03:01:01:01,DRB4*01:01:01:01
507,GC6-74,A*29:01:01:01,A*03:01:01:01,B*18:01:01:02,B*07:02:01:01,C*07:04:01:01,C*07:02:01:03,DPA1*01:03:01:22,DPA1*01:04,DPB1*02:01:02:05,DPB1*15:01:01:01,DQA1*05:05:01:01,DQA1*01:02:01:01,DQB1*03:01:01:03,DQB1*06:09:01:01,DRB1*11:04:01,DRB1*13:02:01:01,DRB3*02:02:01:01,DRB3*03:01:01:01
513,GC6-74,A*02:01:01:01,A*66:02,B*40:01:02:01,B*42:01:01,C*03:04:01:01,C*17:01:01:02,-,DPA1*01:03:01:01,-,DPB1*02:01:02:05,DQA1*01:02:01:03,DQA1*04:01:01:04,DQB1*04:02:01:08,DQB1*06:04:01,DRB1*03:02:01,DRB1*13:02:01:01,DRB3*01:62,DRB3*03:01:01
529,GC6-74,A*26:01:01:01,A*23:17:01:01,B*53:01:01:01,B*14:01:01:01,C*04:01:01:14,C*08:04:01,DPA1*02:07:01:01,DPA1*02:02:02:04,DPB1*01:01:01:03,DPB1*01:01:01:04,DQA1*04:01:01:04,DQA1*01:03:01:01,DQB1*04:02:01:08,DQB1*06:03:01:02,DRB1*03:02:01,DRB1*13:01:01:01,DRB3*01:62,DRB3*01:01:02:01
647,GC6-74,A*66:01:01:01,A*24:02:01:01,B*58:02:01,B*08:01:01:01,C*06:02:01:01,C*07:02:01:01,DPA1*02:09,DPA1*02:01:01:04,DPB1*55:01:01:03,DPB1*106:01,DQA1*01:03:01:01,-,DQB1*06:02:01:03,DQB1*06:03:01:02,DRB1*13:01:01:01,-,DRB3*02:02:01:02,DRB3*01:01:02:01
650,GC6-74,A*30:02:01:01,A*30:02:01:02,B*58:01:01:01,B*45:01:01:01,C*07:18:01:01,C*16:01:01:02,DPA1*02:01:01:03,DPA1*02:01:01:06,DPB1*13:01:01:02,DPB1*17:01:01:02,DQA1*03:03:01:01,DQA1*01:01:02,DQB1*03:02:01:01,DQB1*05:01:01:01,DRB1*04:05:01:02,DRB1*01:02:01:01,DRB4*01:03:01:01,-
659,GC6-74,A*01:01:01:03,A*33:01:01:01,B*37:01:01:01,B*53:01:01:01,C*06:02:01:01,C*04:01:01:01,DPA1*02:02:02:05,DPA1*01:03:01:02,DPB1*01:01:01:04,DPB1*104:01:01:01,DQA1*02:01:01:01,DQA1*01:02:01:01,DQB1*02:02:01:01,DQB1*06:02:01:01,DRB1*07:01:01:01,DRB1*15:01:01:03,DRB4*01:03:01:01,-
716,GC6-74,A*68:01:01:02,A*03:01:01:01,B*58:01:01:01,B*35:01:01:05,C*06:02:01:01,C*04:01:01:11,DPA1*02:01:01:01,DPA1*01:03:01:02,DPB1*11:01:01:01,DPB1*04:01:01:06,DQA1*01:02:01:01,DQA1*01:01:01:05,DQB1*06:02:01:01,DQB1*05:01:01:03,DRB1*15:03:01:01,DRB1*01:01:01,DRB5*01:01:01:01,-
728,GC6-74,A*02:01:01:01,A*01:01:01:01,B*15:10:01:01,B*08:01:01:01,C*04:01:01:01,C*07:01:01:01,DPA1*02:01:02:02,DPA1*03:01:01:05,DPB1*01:01:01:01,DPB1*105:01:01:01,DQA1*03:03:01:01,DQA1*05:01:01:02,DQB1*03:02:01:01,DQB1*02:01:01,DRB1*04:01:01:03,DRB1*03:01:01:01,DRB4*01:01:01:01,DRB3*01:01:02:01
730,GC6-74,A*23:17:01:01,A*30:04:01,B*15:10:01:01,B*51:01:01:10,C*04:01:01:01,C*16:01:01:01,DPA1*02:02:02:01,DPA1*04:01:01:03,DPB1*01:01:01:04,DPB1*296:01,-,DQA1*01:02:01:03,DQB1*06:01:01:01,DQB1*06:02:01:01,DRB1*15:01:01:01,DRB1*15:03:01:01,-,DRB5*01:01:01:01
758,GC6-74,A*02:01:01:01,-,B*27:02:01:01,B*15:13:01,C*02:02:02:03,C*08:01:01:01,DPA1*01:03:01:04,DPA1*02:01:02:02,DPB1*04:01:01:05,DPB1*01:01:01:01,DQA1*01:02:02:01,DQA1*06:01:01:02,DQB1*05:02:01:01,DQB1*03:01:01:07,DRB1*16:01:01,DRB1*12:02:01:03,DRB5*02:02:01,DRB3*03:01:03
765,GC6-74,A*02:01:01:01,A*11:01:01:01,B*15:02:01:01,B*58:02:01,C*06:02:01:01,C*08:01:01:01,DPA1*01:03:01:01,DPA1*04:01:01:02,DPB1*02:01:02:05,DPB1*13:01:01:02,DQA1*01:03:01:01,DQA1*03:03:01:02,DQB1*04:02:01:09,DQB1*05:03:01:01,DRB1*04:05:01:01,DRB1*15:01:01:01,DRB4*01:03:01:05,DRB5*01:01:01:01
769,GC6-74,A*01:01:01:01,A*11:01:01:01,B*44:02:01:01,B*52:01:01:02,C*05:01:01:02,C*12:02:02:01,DPA1*01:03:01:01,DPA1*01:03:01:05,DPB1*04:02:01:02,DPB1*26:01:02,DQA1*01:03:01:01,DQA1*05:05:01:06,DQB1*03:01:01:05,DQB1*06:01:01:01,DRB1*12:01:01:02,DRB1*15:02:01:03,DRB3*02:02:01:02,DRB5*01:02
878,GC6-74,A*02:01:01:01,A*32:106,B*07:02:01:01,B*44:03:01:01,C*07:02:01:03,C*02:10:01:06,DPA1*01:03:01:02,DPA1*02:01:01:01,DPB1*04:01:01:05,DPB1*654:01,DQA1*01:02:01:01,-,DQB1*06:02:01:01,-,DRB1*15:01:01:03,DRB1*15:03:01:02,DRB5*01:01:01:01,-
886,GC6-74,A*29:02:01:03,A*02:01:01:01,B*78:01:01:02,B*18:01:01:02,C*16:01:01:01,C*07:01:01:04,DPA1*01:03:01:22,DPA1*01:03:01:02,DPB1*02:01:02:05,DPB1*04:01:01:06,DQA1*01:03:01:01,DQA1*01:05:01,DQB1*06:03:01:02,DQB1*05:01:01:02,DRB1*13:01:01:01,DRB1*10:01:01:03,DRB3*01:01:02:01,-
907,GC6-74,A*02:01:01:01,A*11:01:01:01,B*07:02:01:01,B*13:02:01:01,C*07:02:01:03,C*06:02:01:01,DPA1*01:03:01:04,DPA1*01:03:01:05,DPB1*04:01:01:01,DPB1*04:02:01:02,DQA1*01:02:01:01,-,DQB1*06:02:01:01,-,DRB1*15:01:01:03,DRB1*08:01:01,DRB5*01:01:01:01,-
921,GC6-74,A*01:01:01:01,A*11:01:01:01,B*35:01:01:05,B*57:01:01:01,C*04:01:01:05,C*06:02:01:01,DPA1*01:03:01:02,DPA1*02:01:01:06,DPB1*04:01:01:05,DPB1*13:01:01:01,DQA1*02:01:01:01,DQA1*06:01:01:03,DQB1*03:01:01:17,DQB1*03:03:02:01,DRB1*07:01:01:01,DRB1*08:03:02:02,-,DRB4*01:03:01:02N
938,GC6-74,A*02:05:01:01,A*33:03:01:01,B*58:01:01:01,B*58:01:01:03,C*03:02:02:05,C*07:18:01:01,DPA1*01:03:01:03,DPA1*03:01:01:05,DPB1*105:01:01:01,DPB1*296:01,DQA1*01:03:01:07,DQA1*04:01:01:04,DQB1*04:02:01:08,DQB1*06:01:01:01,DRB1*03:02:01,DRB1*08:03:02:02,-,NA
940,GC6-74,A*32:01:01:01,A*43:01,B*15:01:01:01,B*40:23,C*03:03:01:01,C*03:04:01:02,DPA1*01:03:01:02,DPA1*02:01:01:01,DPB1*04:01:01:06,DPB1*13:01:01:02,DQA1*01:02:02:01,DQA1*01:04:01:02,DQB1*05:01:01:01,DQB1*06:03:01:01,DRB1*12:02:01:03,DRB1*14:54:01:02,DRB5*01:01:01:01,DRB3*03:01:03
1007,GC6-74,A*02:05:01:01,A*74:01:01:01,B*44:03:01:01,B*58:02:01,C*04:01:01:14,C*06:02:01:01,DPA1*02:07:01:01,DPA1*02:01:01:02,DPB1*01:01:01:04,DPB1*17:01:01:01,DQA1*01:03:01:01,DQA1*01:05:02,DQB1*05:03:01:01,DQB1*06:02:01:03,DRB1*14:54:01:02,DRB1*13:01:01:01,DRB3*02:02:01:02,-
1008,GC6-74,A*24:02:01:01,A*68:01:01:02,B*57:01:01:01,B*07:02:01:01,C*06:02:01:01,C*07:02:01:03,DPA1*01:03:01:02,DPA1*02:01:01:02,DPB1*04:01:01:05,DPB1*09:01:01,DQA1*02:01:01:01,DQA1*01:04:01:02,DQB1*03:03:02:01,DQB1*05:03:01:01,DRB1*07:01:01:01,DRB1*14:54:01:02,DRB4*01:03:01:02N,DRB3*02:02:01:01
1019,GC6-74,A*30:01:01:01,A*43:01,B*42:01:01,B*15:03:01:01,C*17:01:01:02,C*18:02:01,DPA1*02:02:02:05,-,DPB1*01:01:01:04,-,DQA1*05:05:01:01,DQA1*04:01:01:04,DQB1*03:01:01:03,DQB1*04:02:01:08,DRB1*03:01:01:01,DRB1*03:02:01,DRB3*01:62,DRB3*02:02:01:02
1021,GC6-74,A*02:01:01:01,A*11:01:01:01,B*44:02:01:01,B*15:02:01:01,C*05:01:01:02,C*03:03:01:01,DPA1*01:03:01:02,DPA1*01:03:01:03,DPB1*21:01,DPB1*02:01:02:05,DQA1*01:03:01:01,DQA1*06:01:01:02,DQB1*06:01:01:01,DQB1*03:01:01:07,DRB1*15:02:01:03,DRB1*12:02:01:03,DRB5*01:02,DRB3*03:01:03
1023,GC6-74,A*02:05:01:01,A*68:02:01:01,B*14:01:01:01,B*42:01:01,C*08:04:01,C*17:01:01:02,DPA1*01:03:01:02,DPA1*02:02:02:05,DPB1*01:01:01:04,DPB1*835:01,DQA1*01:02:01:03,DQA1*05:05:01:02,DQB1*03:19:01,DQB1*06:02:01:01,DRB1*11:02:01,DRB1*15:03:01:03,-,DRB3*02:02:01:01
1051,GC6-74,A*01:01:01:01,A*30:02:01:01,B*44:03:01:01,B*58:01:01:01,C*07:18:01:01,C*16:01:01:01,DPA1*01:03:01:03,DPA1*02:01:01:03,DPB1*03:01:01:01,DPB1*17:01:01:01,DQA1*02:01:01:01,DQA1*03:03:01:01,DQB1*02:02:01:01,DQB1*03:02:01:01,DRB1*04:05:01:03,DRB1*07:01:01:01,DRB4*01:01:01:01,DRB4*01:03:01:01
1064,GC6-74,A*03:01:01:01,A*30:01:01:01,B*39:10:01,B*81:01:01,C*15:05:02:01,C*04:01:01:14,DPA1*02:02:02:01,DPA1*01:03:01:01,DPB1*01:01:01:04,DPB1*02:01:02:13,DQA1*01:05:02,DQA1*01:02:01:01,DQB1*06:02:01:01,-,DRB1*14:54:01:02,DRB1*15:03:01:02,DRB3*02:02:01:02,-
1066,GC6-74,A*01:01:01:01,A*02:05:01:01,B*07:06:01,B*08:01:01:01,C*04:01:01:01,C*07:04:01:01,DPA1*01:03:01:02,DPA1*04:02,DPB1*04:01:01:06,DPB1*105:01:01:06,DQA1*01:02:01:03,DQA1*03:03:01:01,DQB1*02:01:01,DQB1*03:02:01:01,DRB1*03:01:01:01,DRB1*04:01:01:03,DRB3*01:01:02:01,DRB4*01:03:01:01
1075,GC6-74,A*43:01,A*02:05:01:01,B*58:01:01:01,B*44:03:01:10,C*07:18:01:01,-,DPA1*02:01:01:06,DPA1*03:01:01:01,DPB1*13:01:01:02,DPB1*03:01:01:01,DQA1*01:02:01:01,DQA1*05:05:01:01,DQB1*06:09:01:01,DQB1*03:19:01,DRB1*13:02:01:01,DRB1*11:02:01,DRB3*03:01:01:01,-
1114,GC6-74,A*02:02:01:01,A*26:01:01:01,B*57:03:01:02,B*41:01:01:01,C*17:37,C*07:01:02,DPA1*01:03:01:22,DPA1*01:03:01:03,DPB1*03:01:01:01,DPB1*02:01:02:05,DQA1*01:02:01:01,DQA1*01:01:02,DQB1*06:02:01:01,DQB1*05:01:01:01,DRB1*15:01:01:03,DRB1*01:02:01:01,-,-
1115,GC6-74,A*03:01:01:01,A*03:01:01:05,B*07:02:01:01,B*58:02:01:01,C*06:02:01:01,C*07:02:01:01,DPA1*01:03:01:01,DPA1*02:02:02:05,DPB1*01:01:01:01,DPB1*02:01:02:05,DQA1*01:02:01:04,DQA1*03:03:01:01,DQB1*04:02:01:04,DQB1*06:09:01:01,DRB1*03:01:01:01,DRB1*13:02:01:04,DRB3*03:01:01,NA
1116,GC6-74,A*02:05:01:01,A*32:01:01:01,B*07:06:01,B*57:01:01:01,C*07:04:01:01,C*06:02:01:01,DPA1*02:01:01:06,DPA1*02:02:02:01,DPB1*13:01:01:01,DPB1*01:01:01:04,DQA1*03:03:01:01,DQA1*02:01:01:01,DQB1*03:02:01:01,DQB1*03:03:02:01,DRB1*04:01:01:01,DRB1*07:01:01:01,DRB4*01:03:01:01,DRB4*01:03:01:02N
1130,GC6-74,A*66:02,A*34:01:01:01,B*35:05:01:01,B*42:01:01,C*04:01:01:14,C*17:01:01:02,DPA1*02:02:02:01,DPA1*01:03:01:01,DPB1*13:01:01:02,DPB1*02:01:02:05,DQA1*04:01:01:04,DQA1*06:01:01:02,DQB1*04:02:01:08,DQB1*03:01:01:07,DRB1*03:02:01,DRB1*12:02:01:03,DRB3*03:01:03,DRB3*01:62
1151,GC6-74,A*26:01:01:01,A*02:01:01:01,B*07:02:01:01,B*81:01:01,C*07:02:01:03,C*04:01:01:14,DPA1*02:01:01:02,DPA1*01:03:01:05,DPB1*14:01:01:01,DPB1*04:02:01:02,DQA1*03:01:01,DQA1*04:03N,DQB1*03:02:01:01,DQB1*04:52,DRB1*04:04:01,DRB1*08:04:01,DRB4*01:03:01:01,-
1233,GC6-74,A*02:01:01:16,-,B*08:01:01:01,B*40:01:02:01,C*07:01:01:01,C*03:04:01:01,DPA1*01:03:01:01,DPA1*01:03:01:02,DPB1*02:01:02:05,DPB1*04:01:01:05,DQA1*05:01:01:02,DQA1*01:01:01:05,DQB1*02:01:01,DQB1*05:01:01:03,DRB1*03:01:01:01,DRB1*01:01:01,DRB3*01:01:02:01,-
1239,GC6-74,A*23:17:01:01,A*02:01:01:01,B*07:02:01:01,B*27:02:01:01,C*04:01:01:14,C*02:02:02:03,DPA1*02:02:02:04,DPA1*01:03:01:02,DPB1*01:01:01:04,DPB1*04:01:01:05,DQA1*05:05:01:02,DQA1*01:02:02:01,DQB1*03:01:01:03,DQB1*05:02:01:01,DRB1*03:01:01:01,DRB1*16:01:01,DRB3*02:02:01:02,DRB5*02:02:01
1371,GC6-74,A*26:01:01:01,A*02:05:01:01,B*18:01:01:05,B*41:01:01:01,C*12:03:01:01,C*17:37,DPA1*01:03:01:05,DPA1*03:01:01:01,DPB1*04:02:01:02,DPB1*105:01:01:01,DQA1*05:05:01:01,-,DQB1*03:01:01:01,-,DRB1*11:04:01,DRB1*11:02:01,DRB3*02:02:01:01,DRB3*02:02:01:02
1445,GC6-74,A*02:01:01:01,A*03:01:01:01,B*15:01:01:01,B*38:01:01:01,C*03:04:01:01,C*12:03:01:01,DPA1*02:01:01:02,DPA1*01:03:01:02,DPB1*10:01:01:01,DPB1*04:01:01:05,DQA1*03:03:01:01,DQA1*01:10,DQB1*03:02:01:01,DQB1*06:03:01:01,DRB1*04:01:01:01,DRB1*13:01:01:01,DRB4*01:03:01:01,DRB3*01:01:02:01
1460,GC6-74,A*03:01:01:01,A*43:01,B*40:06:01:02,B*18:01:01:02,C*15:02:01:01,C*07:04:01:01,DPA1*01:03:01:05,DPA1*03:01:01:05,DPB1*04:02:01:02,DPB1*105:01:01:01,DQA1*05:05:01:01,DQA1*01:02:01:01,DQB1*03:01:01:03,DQB1*06:02:01:01,DRB1*11:01:01:01,DRB1*15:01:01:03,DRB3*02:02:01:02,-
1463,GC6-74,A*01:23,A*23:17:01:01,B*44:03:01:01,B*15:220:01:01,C*04:01:01:14,C*02:10:01:06,DPA1*02:02:02:01,DPA1*01:03:01:01,DPB1*105:01:01:01,DPB1*02:01:02:05,DQA1*03:03:01:01,DQA1*05:05:01:02,DQB1*03:02:01:01,DQB1*03:01:01:03,DRB1*04:01:01:01,DRB1*08:04:01,DRB4*01:01:01:01,-
1552,GC6-74,A*01:01:01:01,A*11:01:01:01,B*08:01:01:01,B*81:01:01,C*07:01:01:01,C*18:01:01,DPA1*02:02:02:04,DPA1*03:01:01:05,DPB1*01:01:01:01,DPB1*105:01:01:01,DQA1*05:05:01:01,DQA1*05:01:01:02,DQB1*02:01:01,DQB1*03:19:01,DRB1*03:01:01:01,DRB1*11:01:02,DRB3*02:02:01:02,-
1587,GC6-74,A*03:01:01:01,A*34:02:01:01,B*07:02:01:01,B*44:03:01:10,C*04:01:01:01,C*07:02:01:03,DPA1*01:03:01:02,DPA1*02:02:02:04,DPB1*01:01:01:01,DPB1*04:01:01:05,DQA1*01:04:02,DQA1*03:03:01:01,DQB1*02:02:01:02,DQB1*05:03:01:01,DRB1*09:01:02:01,DRB1*14:04:01,DRB3*02:02:01:01,DRB4*01:01:01:01
1590,GC6-74,A*68:27:01,A*43:01,B*15:01:01:01,B*58:02:01,C*04:01:01:01,C*06:02:01:01,DPA1*03:01:01:05,DPA1*02:07:01:01,DPB1*105:01:01:01,DPB1*01:01:01:04,DQA1*05:05:01:01,DQA1*03:03:01:01,DQB1*04:02:01:04,DQB1*03:01:01:03,DRB1*03:01:01:01,DRB1*04:04:01,DRB3*02:02:01:02,DRB4*01:01:01:01
1594,GC6-74,A*30:01:01:01,A*02:01:01:01,B*07:02:01:01,B*07:02:01:14,C*07:02:01:01,C*07:02:01:03,DPA1*01:03:01:22,DPA1*01:03:01:01,DPB1*02:01:02:05,-,DQA1*01:03:01:01,DQA1*05:01:01:01,DQB1*06:03:01:01,DQB1*02:01:01,DRB1*13:01:01:01,DRB1*03:01:01:01,DRB3*01:01:02:01,DRB3*02:02:01:01
1772,GC6-74,A*02:01:01:01,A*03:01:01:05,B*13:02:01:01,B*13:03,C*06:02:01:01,-,DPA1*02:02:02:01,DPA1*02:01:01:03,DPB1*05:01:01:01,DPB1*17:01:01:02,DQA1*02:01:01:01,-,DQB1*02:02:01:01,-,DRB1*07:01:01:01,-,DRB4*01:03:01:01,-
2077,GC6-74,A*30:01:01:01,A*02:01:01:01,B*15:03:01:02,B*49:01:01:01,C*02:10:01:01,C*07:01:01:16,DPA1*04:02,DPA1*02:01:01:06,DPB1*105:01:01:06,DPB1*13:01:01:02,DQA1*05:05:01:01,DQA1*04:01:02:02,DQB1*03:19:01,-,DRB1*11:01:02,DRB1*08:04:01,DRB3*02:02:01:02,-
2082,GC6-74,A*01:01:01:01,A*30:01:01:01,B*08:01:01:01,B*44:03:01:01,C*07:01:01:01,C*04:01:01:01,DPA1*03:01:01:01,DPA1*01:03:01:02,DPB1*105:01:01:06,DPB1*04:01:01:05,DQA1*05:05:01:01,DQA1*01:03:01:01,DQB1*03:01:01:03,DQB1*06:03:01:02,DRB1*11:01:01:01,DRB1*13:01:01:01,DRB3*02:02:01:04,DRB3*01:01:02:01
2097,GC6-74,A*01:01:01:01,A*11:01:01:01,B*51:06:01,B*57:01:01:01,C*06:02:01:01,C*14:02:01:01,DPA1*02:01:01:02,DPA1*02:01:01:06,DPB1*13:01:01:01,DPB1*14:01:01:01,DQA1*01:02:01:03,DQA1*02:01:01:01,DQB1*03:03:02:01,DQB1*06:01:01:01,DRB1*07:01:01:04,DRB1*15:01:01:03,DRB4*01:03:01:02N,DRB5*01:01:01:04
2102,GC6-74,A*34:02:01:01,A*25:01:01:01,B*44:03:01:01,B*18:01:01:05,C*04:01:01:01,C*12:03:01:01,Insufficient data,-,Insufficient data,-,DQA1*01:02:01:01,DQA1*04:01:01:01,DQB1*06:02:01:01,DQB1*04:02:01:04,DRB1*15:03:01:03,DRB1*08:01:01,DRB5*01:01:01:01,-
2123,GC6-74,A*33:03:01:01,A*74:01:01:01,B*35:01:01:05,B*53:01:01:01,C*04:01:01:01,-,DPA1*01:03:01:01,DPA1*02:01:01:02,DPB1*02:01:02:05,DPB1*01:01:02:01,DQA1*01:02:01:01,DQA1*04:01:02:02,DQB1*06:02:01:01,DQB1*03:19:01,DRB1*15:03:01:01,DRB1*08:04:01,DRB5*01:01:01:01,-
2129,GC6-74,A*29:01:01:01,A*11:01:01:01,B*15:220:01:01,B*38:02:02,C*04:01:01:01,C*07:02:01:01,DPA1*02:01:01:02,DPA1*01:03:01:20,DPB1*558:01,DPB1*105:01:01:01,DQA1*01:02:01:01,DQA1*01:02:01:01,DQB1*06:02:01:01,DQB1*05:02:01:01,DRB1*15:03:01:02,DRB1*15:02:01:03,DRB5*01:01:01:01,DRB5*01:01:01:01
2133,GC6-74,A*68:27:01,A*43:01,B*41:01:01:01,B*15:01:01:01,C*17:37,C*04:01:01:01,DPA1*02:07:01:01,DPA1*01:03:01:02,DPB1*01:01:01:04,DPB1*04:01:01:06,DQA1*05:05:01:01,DQA1*03:03:01:01,DQB1*03:01:01:03,DQB1*03:02:01:01,DRB1*03:01:01:01,DRB1*04:01:01:01,DRB3*02:02:01:02,DRB4*01:01:01:01
2228,GC6-74,A*30:01:01:01,A*29:01:01:01,B*44:03:01:01,B*18:01:01:02,C*04:01:01:01,C*07:04:01:01,DPA1*01:03:01:02,DPA1*03:01:01:01,DPB1*104:01:01:01,DPB1*105:01:01:01,DQA1*01:02:01:01,DQA1*01:03:01:01,DQB1*06:09:01:01,DQB1*06:03:01:02,DRB1*13:02:01:01,DRB1*13:01:01:01,DRB3*03:01:01:01,DRB3*01:01:02:01
2688,GC6-74,A*43:01,A*31:01:02:01,B*44:03:01:07,B*44:03:01:11,C*08:04:01,C*02:10:01:06,DPA1*01:03:01:22,DPA1*03:01:01:05,DPB1*02:01:02:05,DPB1*105:01:01:01,DQA1*05:05:01:01,DQA1*01:02:01:01,DQB1*06:03:01:03,DQB1*03:01:01:03,DRB1*03:01:01:01,DRB1*15:03:01:02,DRB3*02:02:01:02,DRB5*01:01:01:01
2693,GC6-74,A*68:01:01:02,A*32:106,B*15:01:01:01,B*07:02:01:01,C*02:10:01:06,C*04:01:01:01,DPA1*03:01:01:05,DPA1*02:07:01:01,DPB1*105:01:01:01,DPB1*01:01:01:04,DQA1*03:03:01:01,DQA1*05:05:01:01,DQB1*03:01:01:03,DQB1*03:02:01:01,DRB1*03:01:01:01,DRB1*04:01:01:01,DRB3*02:02:01:02,DRB4*01:01:01:01
2847,GC6-74,A*02:01:01:01,A*26:01:01:01,B*45:01:01:01,B*07:06:01,C*16:01:01:01,C*07:02:01:01,DPA1*02:07:01:01,DPA1*02:01:08:02,DPB1*01:01:01:03,DPB1*01:01:01:04,DQA1*01:03:01:01,DQA1*01:02:01:01,DQB1*06:03:01:02,DQB1*06:02:01:01,DRB1*13:01:01:01,DRB1*15:01:01:03,DRB3*01:01:02:01,-
2857,GC6-74,A*24:02:01:01,A*02:05:01:01,B*44:05:01,B*07:06:01,C*02:02:02:01,C*07:02:01:01,DPA1*04:02,DPA1*01:03:01:03,DPB1*105:01:01:01,DPB1*03:01:01:01,DQA1*03:03:01:01,DQA1*01:02:01:01,DQB1*04:02:01:04,DQB1*06:02:01:01,DRB1*04:04:01,DRB1*15:01:01:03,DRB4*01:01:01:01,DRB5*01:01:01:01
2858,GC6-74,A*29:01:01:01,A*24:02:01:01,B*07:05:01:01,B*44:05:01,C*15:05:02:01,C*02:02:02:01,DPA1*01:03:01:03,DPA1*01:03:01:05,DPB1*03:01:01:01,DPB1*04:02:01:02,DQA1*01:02:01:01,DQA1*01:01:01:05,DQB1*06:02:01:01,DQB1*05:01:01:03,DRB1*15:01:01:03,DRB1*01:01:01,DRB5*01:01:01:01,-
2861,GC6-74,A*33:03:01:01,A*02:01:01:01,B*07:02:01:01,B*15:220:01:01,C*07:02:01:03,C*04:01:01:14,DPA1*01:03:01:02,DPA1*02:01:01:04,DPB1*04:01:01:05,DPB1*34:01:01:01,DQA1*01:02:01:01,DQA1*01:02:01:01,DQB1*06:04:01,DQB1*06:02:01:01,DRB1*13:02:01:01,DRB1*15:03:01:03,DRB3*03:01:01:01,DRB5*01:01:01:01
2864,GC6-74,A*68:02:01:01,A*66:01:01:01,B*15:10:01:02,B*39:10:01,C*08:04:01,C*12:03:01:01,DPA1*02:01:01:06,DPA1*01:03:01:02,DPB1*519:01,DPB1*03:01:01:10,DQA1*01:02:01:01,DQA1*01:05:01,DQB1*06:02:01:01,DQB1*05:01:01:02,DRB1*11:01:02,DRB1*10:01:01:03,DRB3*03:01:01:01,-
2993,GC6-74,A*11:01:01:01,A*33:03:01:01,B*40:06:01:02,B*15:03:01:02,C*15:02:01:01,C*02:10:01:01,DPA1*01:03:01:01,DPA1*02:01:08:02,DPB1*01:01:01:01,DPB1*26:01:02,DQA1*01:05:01,DQA1*01:04:02,DQB1*05:03:01:01,DQB1*05:01:01:02,DRB1*14:04:01,DRB1*12:01:01:03,DRB3*02:02:01:03,DRB3*01:01:02:01
3005,GC6-74,A*24:02:01:01,A*02:01:01:01,B*40:06:01:02,B*15:220:01:01,C*15:02:01:01,C*04:01:01:14,DPA1*01:03:01:03,DPA1*02:01:01:06,DPB1*03:01:01:01,DPB1*34:01:01:01,DQA1*01:02:01:01,DQA1*01:03:01:01,DQB1*06:02:01:01,DQB1*06:01:01:01,DRB1*15:01:01:03,DRB1*15:03:01:02,DRB5*01:01:01:01,DRB5*01:01:01:01
3007,GC6-74,A*43:01,A*02:01:01:01,B*14:01:01:01,B*15:220:01:01,C*08:04:01,C*04:01:01:14,DPA1*02:01:01:06,DPA1*03:01:01:05,DPB1*34:01:01:01,DPB1*105:01:01:01,DQA1*03:03:01:01,DQA1*01:02:01:01,DQB1*03:02:01:01,DQB1*06:02:01:01,DRB1*04:01:01:01,DRB1*15:03:01:03,DRB4*01:01:01:01,DRB5*01:01:01:01
3011,GC6-74,A*02:01:01:01,A*26:01:01:01,B*15:220:01:01,B*81:01:01,C*04:01:01:01,-,DPA1*02:01:01:01,-,DPB1*34:01:01:01,DPB1*14:01:01:01,DQA1*01:02:01:01,DQA1*04:03N,DQB1*06:02:01:01,DQB1*04:02:01:01,DRB1*15:03:01:01,DRB1*08:04:01,DRB5*01:01:01:01,-
3012,GC6-74,A*02:01:01:01,A*33:01:01:01,B*15:220:01:01,B*42:01:01,C*04:01:01:14,C*17:01:01:02,DPA1*01:03:01:02,DPA1*02:01:01:06,DPB1*18:01:01:01,DPB1*34:01:01:01,DQA1*04:01:01:04,DQA1*01:02:01:01,DQB1*04:02:01:08,DQB1*06:02:01:01,DRB1*03:02:01,DRB1*15:03:01:01,DRB3*01:62,DRB5*01:01:01:01
3094,GC6-74,A*24:02:01:04,A*74:02:01:02,B*35:03:01:03,B*15:02:01:01,C*04:01:01:14,C*08:01:01:01,DPA1*03:01:01:05,DPA1*01:03:01:01,DPB1*105:01:01:01,DPB1*02:01:02:05,DQA1*01:03:01:01,DQA1*03:03:01:01,DQB1*06:03:01:01,DQB1*04:02:01:04,DRB1*13:01:01:01,DRB1*04:04:01,DRB3*01:01:02:01,DRB4*01:01:01:01
3095,GC6-74,A*02:01:01:01,A*11:01:01:01,B*45:01:01:03,B*35:01:01:05,C*16:01:01:01,C*04:01:01:01,DPA1*01:03:01:01,DPA1*02:02:02:04,DPB1*02:01:02:05,DPB1*01:01:01:01,DQA1*05:05:01:02,DQA1*01:01:01:05,DQB1*03:19:01,DQB1*05:01:01:03,DRB1*11:01:02,DRB1*01:01:01,DRB3*02:02:01:02,-
3099,GC6-74,A*66:01:01:01,A*11:01:01:01,B*39:10:01,B*35:01:01:05,C*12:03:01:01,C*04:01:01:01,DPA1*01:03:01:01,DPA1*02:01:01:06,DPB1*02:01:02:05,DPB1*13:01:01:02,DQA1*01:05:01,DQA1*01:01:01:05,DQB1*05:01:01:03,-,DRB1*10:01:01:03,DRB1*01:01:01,-,-
3102,GC6-74,A*33:01:01:01,A*29:02:01:02,B*42:01:01,B*15:10:01:01,C*17:01:01:02,C*16:01:01:01,DPA1*02:02:02:04,DPA1*02:01:01:06,DPB1*01:01:01:01,DPB1*13:01:01:02,DQA1*04:01:01:04,DQA1*05:02,DQB1*04:02:01:08,DQB1*03:19:01,DRB1*03:02:01,DRB1*11:01:02,DRB3*01:01:02:01,DRB3*02:02:01:02
3106,GC6-74,A*24:02:01:04,A*33:01:01:01,B*35:03:01:03,B*78:01:01:02,C*04:01:01:14,C*16:01:01:01,DPA1*01:03:01:01,DPA1*02:01:01:08,DPB1*02:01:02:05,DPB1*17:01:01:01,DQA1*03:03:01:01,DQA1*01:03:01:01,DQB1*02:02:01:02,DQB1*06:03:01:01,DRB1*09:01:02:01,DRB1*13:01:01:01,DRB4*01:01:01:01,DRB3*01:01:02:01
5319,GC6-74,A*66:01:01:01,A*03:01:01:01,B*42:01:01,B*35:03:01:01,C*17:01:01:02,C*04:01:01:01,DPA1*02:02:02:04,DPA1*01:03:01:04,DPB1*01:01:01:01,DPB1*04:01:01:01,DQA1*04:01:01:04,DQA1*01:05:01,Insufficient data,-,DRB1*03:02:01,DRB1*10:01:01:01,DRB3*01:01:02:01,-
5357,GC6-74,A*02:01:01:01,A*36:01,B*40:01:02:01,B*44:03:01:01,C*03:04:01:01,C*04:01:01:14,DPA1*03:01:01:05,DPA1*02:01:01:02,DPB1*105:01:01:03,DPB1*10:01:01:01,DQA1*01:02:01:01,DQA1*01:02:01:01,DQB1*06:04:01,DQB1*06:02:01:01,DRB1*13:02:01:01,DRB1*15:03:01:03,DRB3*03:01:01:01,DRB5*01:01:01:01
5365,GC6-74,A*03:01:01:05,A*68:02:01:01,B*15:220:01:01,B*58:02:01:01,C*04:01:01:75,C*06:02:01:01,DPA1*01:03:01:22,DPA1*03:01:01:05,DPB1*02:01:02:05,DPB1*105:01:01:01,DQA1*01:02:01:04,DQA1*01:03:01:10,DQB1*06:02:01:03,DQB1*06:09:01:01,DRB1*13:01:01:01,DRB1*13:02:01:03,DRB3*02:02:01:06,NA
5434,GC6-74,A*11:01:01:01,A*31:01:02:01,B*15:03:01:01,B*27:06:01:01,C*18:02:01,C*03:04:01:02,DPA1*01:03:01:03,DPA1*04:01:01:03,DPB1*03:01:01:01,DPB1*296:01,DQA1*06:01:01:04,DQA1*01:01:02,DQB1*03:01:01:07,DQB1*05:01:01:01,DRB1*12:02:01:03,DRB1*01:02:01:01,DRB3*03:01:03,-
5551,GC6-74,-,A*02:01:01:16,B*15:220:01:01,B*39:10:01,C*04:01:01:14,C*12:03:01:01,DPA1*02:02:02:01,DPA1*03:01:01:04,DPB1*01:01:01:04,DPB1*55:01:01:02,-,DQA1*01:02:01:03,-,DQB1*06:02:01:01,-,DRB1*15:03:01:01,-,DRB5*01:01:01:01
5572,GC6-74,A*03:01:01:01,A*23:01:01:01,B*15:10:01:01,B*35:03:01:03,C*04:01:01:14,C*16:01:01:01,DPA1*01:03:01:03,DPA1*02:01:01:06,DPB1*13:01:01:02,DPB1*508:01,DQA1*04:01:01:03,DQA1*05:02,DQB1*03:19:01,DQB1*04:02:01:04,DRB1*08:01:01,DRB1*11:01:02,-,DRB3*02:02:01:01
5661,GC6-74,-,A*02:01:01:01,B*15:220:01:01,B*39:10:01,C*04:01:01:01,C*12:03:01:01,DPA1*02:02:02:04,DPA1*03:01:01:04,DPB1*01:01:01:04,DPB1*55:01:01:04,-,DQA1*01:02:01:03,-,DQB1*06:02:01:01,-,DRB1*15:03:01:01,-,DRB5*01:01:01:01
5662,GC6-74,A*33:03:01:01,A*23:17:01:01,B*42:01:01,B*82:02:01:02,C*17:01:01:02,C*03:02:02:05,DPA1*02:02:02:04,DPA1*02:01:01:01,DPB1*01:01:01:01,DPB1*11:01:01:01,DQA1*04:01:01:04,DQA1*01:02:01:01,DQB1*04:02:01:08,DQB1*06:04:01,DRB1*03:02:01,DRB1*13:02:01:01,DRB3*01:01:02:01,DRB3*03:01:01:01
5918,GC6-74,A*03:01:01:05,A*24:02:01:01,B*45:01:01:03,B*40:01:02:01,C*16:01:01:01,C*04:82,DPA1*01:03:01:01,DPA1*02:01:01:07,DPB1*02:01:02:05,DPB1*01:01:01:04,DQA1*01:02:01:01,DQA1*06:01:01:02,DQB1*06:02:01:01,DQB1*03:01:01:01,DRB1*15:03:01:03,DRB1*04:05:01:03,DRB5*01:01:01:01,DRB4*01:03:01:05
6302,GC6-74,A*32:01:01:01,A*66:01:01:01,B*07:02:01:01,B*58:02:01,C*07:02:01:01,C*06:02:01:01,DPA1*03:01:01:05,DPA1*02:02:02:01,DPB1*105:01:01:01,DPB1*105:01:01:06,DQA1*03:03:01:01,-,DQB1*02:02:01:02,DQB1*04:02:01:04,DRB1*07:01:01:01,DRB1*04:04:01,DRB4*01:01:01:01,DRB4*01:03:01:01
6313,GC6-74,A*24:02:01:01,A*34:02:01:01,B*52:01:01:01,B*44:03:01:10,C*12:02:02:01,C*04:01:01:14,DPA1*03:01:01:05,DPA1*01:03:01:04,DPB1*105:01:01:06,DPB1*04:01:01:05,DQA1*03:01:01,DQA1*01:03:01:01,DQB1*03:02:01:01,DQB1*06:03:01:02,DRB1*04:03:01:01,DRB1*13:01:01:01,DRB4*01:03:01:01,DRB3*01:01:02:01
6565,GC6-74,NA,NA,NA,NA,NA,NA,NA,NA,NA,NA,NA,NA,NA,NA,NA,NA,NA,NA
6665,GC6-74,A*36:01,A*29:01:01:01,B*53:01:01:01,B*18:01:01:02,C*04:01:01:01,C*07:04:01:01,DPA1*01:03:01:22,DPA1*01:03:01:01,DPB1*51:01:01:02,DPB1*02:01:02:05,DQA1*01:02:01:01,DQA1*01:02:01:01,DQB1*06:02:01:04,DQB1*06:09:01:01,DRB1*11:01:02,DRB1*13:02:01:01,DRB3*02:02:01:02,DRB3*03:01:01:01
6675,GC6-74,A*03:01:01:05,A*30:01:01:01,B*13:03,B*42:01:01,C*06:02:01:01,C*17:01:01:02,DPA1*02:01:01:01,DPA1*02:02:02:04,DPB1*01:01:01:01,DPB1*39:01:01:01,DQA1*02:01:01:01,DQA1*04:01:01:05,DQB1*02:02:01:01,DQB1*04:02:01:08,DRB1*03:02:01,DRB1*07:01:01:01,DRB3*01:01:02:01,DRB4*01:01:01:01
6686,GC6-74,A*30:04:01,A*33:03:01:01,B*41:02:01:01,B*53:01:01:01,C*04:01:01:14,C*17:01:01:02,DPA1*02:01:01:02,DPA1*02:02:02:05,DPB1*01:01:01:04,DPB1*417:01:02,DQA1*01:02:01:03,DQA1*04:01:02:02,DQB1*03:19:01,DQB1*06:02:01:01,DRB1*08:04:01,DRB1*15:03:01:02,-,DRB5*01:01:01
6907,GC6-74,A*30:04:01,A*32:01:01:01,B*15:16:01:02,B*41:01:01:01,C*14:02:01:02,C*17:01:01:02,DPA1*01:03:01:02,DPA1*02:01:01:02,DPB1*04:01:01:06,DPB1*558:01,DQA1*01:03:01:09,DQA1*03:03:01:01,DQB1*03:02:01:01,DQB1*06:03:01:02,DRB1*04:01:01:03,DRB1*13:01:01:01,DRB3*01:01:02:01,DRB4*01:01:01:01