donorId,alleles,Ncluster,donorGrp,unique,total,ratio (# of group per 100)
04-0699,DRB1*15,7,NonProgressor,315,701,2.222222222
04-0699,DQA1*05,2,NonProgressor,315,701,0.634920635
04-0699,DRB3*02,3,NonProgressor,315,701,0.952380952
04-0699,DQB1*06,4,NonProgressor,315,701,1.26984127
04-0699,DRB5*01,6,NonProgressor,315,701,1.904761905
04-0699,DQA1*01,3,NonProgressor,315,701,0.952380952
04-0843,DRB3*02,6,NonProgressor,439,975,1.366742597
04-0843,DQB1*06,10,NonProgressor,439,975,2.277904328
04-0843,DRB5*01,15,NonProgressor,439,975,3.416856492
04-0843,DQA1*01,5,NonProgressor,439,975,1.138952164
04-0843,DRB1*15,16,NonProgressor,439,975,3.644646925
04-0886,DRB1*15,4,NonProgressor,161,262,2.48447205
04-0886,DRB5*01,3,NonProgressor,161,262,1.863354037
04-0886,DQA1*01,2,NonProgressor,161,262,1.242236025
04-0886,DPA1*02,1,NonProgressor,161,262,0.621118012
04-0886,DPB1*01,2,NonProgressor,161,262,1.242236025
04-0886,DQB1*06,5,NonProgressor,161,262,3.105590062
04-0979,DRB1*15,8,NonProgressor,260,369,3.076923077
04-0979,DQB1*06,3,NonProgressor,260,369,1.153846154
04-0979,DQA1*01,2,NonProgressor,260,369,0.769230769
04-0979,DRB5*01,5,NonProgressor,260,369,1.923076923
04-0979,DPA1*02,1,NonProgressor,260,369,0.384615385
07-0236,DRB5*01,6,NonProgressor,136,644,4.411764706
07-0236,DQA1*02,2,NonProgressor,136,644,1.470588235
07-0236,DRB1*15,7,NonProgressor,136,644,5.147058824
07-0236,DRB4*01,1,NonProgressor,136,644,0.735294118
07-0236,DQB1*06,5,NonProgressor,136,644,3.676470588
07-0236,DRB1*04,4,NonProgressor,136,644,2.941176471
07-0236,DPB1*01,2,NonProgressor,136,644,1.470588235
07-0236,DPA1*02,1,NonProgressor,136,644,0.735294118
07-0293,DRB5*01,1,NonProgressor,143,392,0.699300699
07-0293,DQA1*01,1,NonProgressor,143,392,0.699300699
07-0293,DRB1*15,1,NonProgressor,143,392,0.699300699
07-0293,DQB1*06,1,NonProgressor,143,392,0.699300699
07-1112,DRB1*15,4,NonProgressor,126,522,3.174603175
07-1112,DQA1*01,2,NonProgressor,126,522,1.587301587
07-1112,DQB1*06,3,NonProgressor,126,522,2.380952381
07-1112,DPB1*01,1,NonProgressor,126,522,0.793650794
09-0406,DRB1*15,4,NonProgressor,93,187,4.301075269
09-0406,DRB5*01,5,NonProgressor,93,187,5.376344086
09-0406,DPB1*01,1,NonProgressor,93,187,1.075268817
09-0406,DQB1*06,2,NonProgressor,93,187,2.150537634
09-0406,DQA1*05,1,NonProgressor,93,187,1.075268817
09-0406,DRB3*02,3,NonProgressor,93,187,3.225806452
09-0406,DQA1*01,2,NonProgressor,93,187,2.150537634
09-0587,DQB1*06,3,NonProgressor,169,260,1.775147929
09-0587,DRB5*01,4,NonProgressor,169,260,2.366863905
09-0587,DQA1*05,1,NonProgressor,169,260,0.591715976
09-0587,DRB4*01,1,NonProgressor,169,260,0.591715976
09-0587,DQA1*02,2,NonProgressor,169,260,1.183431953
09-0587,DRB1*15,5,NonProgressor,169,260,2.958579882
04-0695,DRB3*02,4,Progressor,558,1155,0.716845878
04-0695,DRB4*01,2,Progressor,558,1155,0.358422939
04-0695,DRB1*04,7,Progressor,558,1155,1.254480287
04-0695,DQB1*03,5,Progressor,558,1155,0.896057348
04-0718,DQA1*01,2,Progressor,246,451,0.81300813
04-0718,DRB1*15,7,Progressor,246,451,2.845528455
04-0718,DQB1*06,6,Progressor,246,451,2.43902439
04-0718,DPA1*02,1,Progressor,246,451,0.406504065
04-0718,DRB5*01,3,Progressor,246,451,1.219512195
04-0910,DRB1*15,11,Progressor,244,750,4.508196721
04-0910,DRB5*01,7,Progressor,244,750,2.868852459
04-0910,DQA1*01,2,Progressor,244,750,0.819672131
04-0910,DQB1*06,4,Progressor,244,750,1.639344262
07-0692,DQB1*06,2,Progressor,167,819,1.19760479
07-0692,DPB1*01,1,Progressor,167,819,0.598802395
07-0692,DQA1*02,5,Progressor,167,819,2.994011976
07-0692,DQA1*01,1,Progressor,167,819,0.598802395
07-0692,DRB4*01,1,Progressor,167,819,0.598802395
07-0692,DRB1*07,5,Progressor,167,819,2.994011976
07-0177,DPB1*01,5,NonProgressor,450,908,1.111111111
07-0177,DPA1*02,1,NonProgressor,450,908,0.222222222
07-0177,DQA1*02,7,NonProgressor,450,908,1.555555556
07-0177,DQA1*05,7,NonProgressor,450,908,1.555555556
07-0177,DRB3*02,4,NonProgressor,450,908,0.888888889
07-0361,DQB1*03,1,NonProgressor,67,87,1.492537313
07-0361,DQA1*05,2,NonProgressor,67,87,2.985074627
07-0361,DRB3*02,2,NonProgressor,67,87,2.985074627
07-0361,DPA1*02,1,NonProgressor,67,87,1.492537313
07-0361,DPB1*01,1,NonProgressor,67,87,1.492537313
07-1135,DPB1*01,8,NonProgressor,631,1164,1.267828843
07-1135,DQB1*03,5,NonProgressor,631,1164,0.792393027
07-1135,DPA1*02,2,NonProgressor,631,1164,0.316957211
04-0779,DQA1*05,3,Progressor,182,365,1.648351648
04-0779,DQB1*03,3,Progressor,182,365,1.648351648
04-0779,DPA1*02,1,Progressor,182,365,0.549450549
04-0779,DPB1*01,1,Progressor,182,365,0.549450549
04-0779,DRB3*02,3,Progressor,182,365,1.648351648
07-0386,DQA1*01,4,Progressor,624,1054,0.641025641
07-0386,DQA1*05,10,Progressor,624,1054,1.602564103
07-0386,DQB1*06,5,Progressor,624,1054,0.801282051
07-0386,DRB1*15,12,Progressor,624,1054,1.923076923
07-0386,DPA1*02,1,Progressor,624,1054,0.16025641
07-0386,DQB1*03,7,Progressor,624,1054,1.121794872
07-0386,DPB1*01,4,Progressor,624,1054,0.641025641
07-0386,DRB3*02,12,Progressor,624,1054,1.923076923
07-0630,DQA1*02,2,Progressor,288,861,0.694444444
07-0630,DPA1*02,1,Progressor,288,861,0.347222222
07-0630,DQB1*06,2,Progressor,288,861,0.694444444
07-0630,DQA1*05,3,Progressor,288,861,1.041666667
07-0630,DRB1*15,3,Progressor,288,861,1.041666667
09-0789,DQB1*06,4,Progressor,202,356,1.98019802
09-0789,DPA1*02,1,Progressor,202,356,0.495049505
09-0789,DRB5*01,8,Progressor,202,356,3.96039604
09-0789,DRB1*15,9,Progressor,202,356,4.455445545
09-0789,DQA1*01,3,Progressor,202,356,1.485148515
04-1003,DRB1*04,5,NonProgressor,108,451,4.62962963
04-1003,DQB1*03,6,NonProgressor,108,451,5.555555556
04-1003,DRB3*02,1,NonProgressor,108,451,0.925925926
04-1003,DRB4*01,1,NonProgressor,108,451,0.925925926
04-1003,DQA1*05,2,NonProgressor,108,451,1.851851852
09-0712,DQB1*06,1,NonProgressor,107,170,0.934579439
09-0712,DRB3*02,4,NonProgressor,107,170,3.738317757
09-0712,DRB5*01,4,NonProgressor,107,170,3.738317757
09-0712,DRB1*15,5,NonProgressor,107,170,4.672897196
09-0712,DQA1*01,1,NonProgressor,107,170,0.934579439
09-0712,DQA1*05,3,NonProgressor,107,170,2.803738318
01-0993,DRB5*01,3,Progressor,79,185,3.797468354
01-0993,DQA1*01,1,Progressor,79,185,1.265822785
01-0993,DRB1*15,2,Progressor,79,185,2.53164557
01-0993,DQB1*06,1,Progressor,79,185,1.265822785
07-1153,DPB1*01,12,Progressor,511,1452,2.348336595
07-1153,DRB4*01,6,Progressor,511,1452,1.174168297
07-1153,DRB1*04,3,Progressor,511,1452,0.587084149
07-0390,DRB3*02,3,Progressor,250,545,1.2
07-0390,DQB1*06,1,Progressor,250,545,0.4
07-0390,DQB1*03,4,Progressor,250,545,1.6
07-0390,DQA1*01,1,Progressor,250,545,0.4
04-1020,DRB3*02,1,NonProgressor,483,905,0.207039337
04-1020,DPB1*01,7,NonProgressor,483,905,1.449275362
04-1020,DQA1*05,2,NonProgressor,483,905,0.414078675
04-1020,DQA1*02,8,NonProgressor,483,905,1.6563147
04-1020,DRB4*01,5,NonProgressor,483,905,1.035196687
04-1020,DRB1*04,4,NonProgressor,483,905,0.82815735
04-1119,DRB4*01,1,NonProgressor,108,171,0.925925926
04-1119,DQA1*02,1,NonProgressor,108,171,0.925925926
04-1119,DPB1*01,1,NonProgressor,108,171,0.925925926
04-1119,DRB1*07,1,NonProgressor,108,171,0.925925926
07-0414,DRB3*02,1,Progressor,135,369,0.740740741
07-0414,DRB4*01,2,Progressor,135,369,1.481481481
07-0414,DRB1*04,2,Progressor,135,369,1.481481481
07-0414,DQA1*02,1,Progressor,135,369,0.740740741
07-0414,DPB1*01,1,Progressor,135,369,0.740740741
04-0152,DRB1*07,2,Progressor,211,547,0.947867299
04-0152,DRB4*01,2,Progressor,211,547,0.947867299
07-0208,DRB5*01,7,NonProgressor,306,544,2.287581699
07-0208,DQA1*01,4,NonProgressor,306,544,1.307189542
07-0208,DQB1*06,7,NonProgressor,306,544,2.287581699
07-0208,DRB1*15,10,NonProgressor,306,544,3.267973856
07-0208,DRB3*02,2,NonProgressor,306,544,0.653594771
07-0440,DRB3*02,11,NonProgressor,307,606,3.583061889
07-0440,DRB4*01,2,NonProgressor,307,606,0.651465798
07-0440,DRB1*07,5,NonProgressor,307,606,1.628664495
07-0440,DQA1*05,7,NonProgressor,307,606,2.280130293
07-0440,DQA1*02,6,NonProgressor,307,606,1.954397394
07-0202,DQB1*06,6,NonProgressor,191,712,3.141361257
07-0202,DQA1*01,2,NonProgressor,191,712,1.047120419
07-0202,DRB1*15,9,NonProgressor,191,712,4.712041885
09-0529,DQB1*06,3,NonProgressor,194,252,1.546391753
09-0529,DQA1*01,1,NonProgressor,194,252,0.515463918
09-0529,DRB1*15,5,NonProgressor,194,252,2.577319588
04-1241,DQA1*01,3,Progressor,241,1072,1.244813278
04-1241,DQB1*06,3,Progressor,241,1072,1.244813278
04-1241,DRB1*15,6,Progressor,241,1072,2.489626556
09-0278,DRB1*04,5,Progressor,145,356,3.448275862
09-0278,DQB1*06,3,Progressor,145,356,2.068965517
09-0278,DRB4*01,2,Progressor,145,356,1.379310345
09-0278,DRB5*01,4,Progressor,145,356,2.75862069
09-0278,DRB1*15,3,Progressor,145,356,2.068965517
09-0278,DQA1*01,3,Progressor,145,356,2.068965517
07-0080,DQA1*02,2,NonProgressor,299,425,0.668896321
07-0080,DRB1*07,2,NonProgressor,299,425,0.668896321
07-1147,DRB4*01,2,NonProgressor,204,363,0.980392157
07-1147,DQA1*02,5,NonProgressor,204,363,2.450980392
07-1147,DRB1*07,6,NonProgressor,204,363,2.941176471
01-0782,DQA1*02,3,Progressor,393,692,0.763358779
01-0782,DRB1*07,6,Progressor,393,692,1.526717557
01-0782,DRB4*01,1,Progressor,393,692,0.254452926
07-0425,DRB1*04,1,Progressor,99,255,1.01010101
07-0425,DQB1*03,2,Progressor,99,255,2.02020202
07-0425,DRB4*01,1,Progressor,99,255,1.01010101
07-0425,DQA1*05,1,Progressor,99,255,1.01010101
07-0425,DQA1*02,2,Progressor,99,255,2.02020202
09-0507,DRB3*02,1,Progressor,75,92,1.333333333
09-0507,DQA1*02,2,Progressor,75,92,2.666666667
09-0507,DRB1*07,1,Progressor,75,92,1.333333333
09-0507,DQA1*05,1,Progressor,75,92,1.333333333
09-0507,DRB4*01,2,Progressor,75,92,2.666666667
09-0569,DRB1*07,4,Progressor,323,458,1.238390093
09-0569,DQA1*02,8,Progressor,323,458,2.476780186
09-0569,DQB1*03,5,Progressor,323,458,1.547987616
09-0569,DRB1*04,8,Progressor,323,458,2.476780186
07-0119,DRB1*04,5,NonProgressor,318,1251,1.572327044
07-0119,DQB1*03,5,NonProgressor,318,1251,1.572327044
09-0296,DQB1*03,1,NonProgressor,230,451,0.434782609
09-0296,DRB1*04,2,NonProgressor,230,451,0.869565217
09-0296,DRB1*07,2,NonProgressor,230,451,0.869565217
04-0511,DRB1*04,1,Progressor,112,185,0.892857143
04-1056,DRB1*04,1,Progressor,97,132,1.030927835
07-0262,DQB1*03,2,Progressor,422,717,0.473933649
07-0262,DRB1*04,4,Progressor,422,717,0.947867299
09-0248,DRB1*07,4,NonProgressor,175,262,2.285714286
04-1104,DQB1*03,3,NonProgressor,429,933,0.699300699
04-1104,DQA1*05,1,NonProgressor,429,933,0.233100233
09-0581,DQA1*05,5,NonProgressor,54,91,9.259259259
03-0448,DQB1*03,2,Progressor,143,299,1.398601399
03-0448,DQA1*05,1,Progressor,143,299,0.699300699
07-0150,DQB1*03,2,Progressor,236,552,0.847457627
07-0150,DQA1*05,5,Progressor,236,552,2.118644068